Boundary Type,Boundary Name,Boundary Number,Citizen Canadian,Citizen Non-Canadian,Citizen Total,Born Philippines,Born United Kingdom,Born Poland,Born Germany,Born India,Born Portugal,Born United States America,Born China Peoples Republic,Born Ukraine,Born All Other Country,Born Italy,Born Viet Nam,Born Netherlands,Born Jamaica,Born Hong Kong,Born Yugoslavia Other,Born Guyana,Born Croatia,Born Greece,Born Mexico,Born South Korea,Born France,Born Ireland,Born Austria,Born South Africa,Born Egypt,Born Taiwan,Born Switzerland,Born Morocco,Born Haiti,Born Lebanon,Born Other Country,Born Total Immigrants,Immigrate Before 1961,Immigrate 1961-1970,Immigrate 1971-1980,Immigrate 1981-1990,Immigrate 1991-1995,Immigrate 1996-2001,Immigrate Period Total,Immigrate 1991-2001,Generation 1st,Generation 2nd,Generation 3rd Or More,Generation Total Population,Immigrate Philippines,Immigrate India,Immigrate China Peoples Republic,Immigrate Ukraine,Immigrate South Korea,Immigrate United States America,Immigrate Pakistan,Immigrate Afghanistan,Immigrate All Other,Immigrate Bosnia Herzegovina,Immigrate United Kingdom,Immigrate Yugoslavia,Immigrate Viet Nam,Immigrate Croatia,Immigrate Russia,Immigrate Iraq,Immigrate Jamaica,Immigrate Iran,Immigrate Romania,Immigrate Colombia,Immigrate Mexico,Immigrate Hong Kong,Immigrate South Africa,Immigrate Sri Lanka,Immigrate Germany,Immigrate Congo,Immigrate France,Immigrate Haiti,Immigrate Lebanon,Immigrate Morocco,Immigrate Algeria,Immigrate Other,Immigrate Recent Total
Neighbourhood,Agassiz,5.61,430,0,430,0,10,0,20,0,0,10,10,0,30,0,0,0,0,10,0,0,0,0,0,0,0,0,10,0,0,0,0,0,0,0,10,85,55,15,15,10,0,0,85,0,90,90,210,385,0,0,0,0,0,0,0,0,0,0,0,0,0,0,0,0,0,0,0,0,0,0,0,0,0,0,0,0,0,0,0,0,0
Neighbourhood,Airport,2.219,360,10,365,0,0,0,0,0,10,0,0,0,20,0,0,0,0,0,0,0,0,0,0,0,0,0,0,0,0,0,0,0,0,0,20,30,0,0,10,10,0,15,35,15,30,40,180,250,0,0,0,0,0,0,0,0,10,0,0,0,0,0,0,0,0,0,0,0,0,0,0,0,0,0,0,0,0,0,0,10,10
Neighbourhood,Alpine Place,5.504,3205,270,3475,0,100,30,30,15,0,25,25,10,340,15,10,10,0,10,70,0,0,0,0,0,0,10,0,0,0,0,0,0,0,0,215,575,105,65,55,70,60,225,575,285,570,915,1625,3115,0,0,20,0,0,0,0,35,165,0,10,65,0,0,10,0,0,15,10,0,0,0,0,0,0,15,0,0,0,0,0,40,225
Neighbourhood,Amber Trails,3.337,860,55,915,50,0,70,15,80,40,0,0,10,95,30,0,0,0,0,0,10,0,0,0,0,0,0,0,0,0,0,0,0,0,0,55,365,40,40,115,125,40,10,365,50,355,165,180,700,0,0,0,0,0,0,0,0,0,0,0,0,0,0,0,0,0,0,0,0,0,0,0,0,0,0,0,0,0,0,0,0,10
Neighbourhood,Archwood,5.505,840,20,855,15,10,10,20,0,10,10,0,0,20,0,0,0,0,0,0,0,0,0,0,0,0,0,0,0,0,0,0,0,0,0,20,75,15,0,30,0,25,0,80,25,65,155,485,710,0,0,0,0,0,0,0,0,0,0,0,0,0,0,0,0,0,0,0,0,0,0,0,0,0,0,0,0,0,0,0,0,0
Neighbourhood,Armstrong Point,1.119,370,30,400,0,0,0,0,0,0,50,0,0,10,0,0,0,0,0,0,0,0,0,0,0,0,0,0,0,0,0,0,0,0,0,10,60,10,0,20,15,0,20,65,20,40,75,205,315,0,0,0,0,0,25,0,0,0,0,0,0,0,0,0,0,0,0,0,0,0,0,0,0,0,0,0,0,0,0,0,0,20
Neighbourhood,Beaumont,1.602,2325,60,2385,15,40,10,20,0,0,25,10,0,160,20,25,10,0,0,0,10,0,0,0,0,0,10,0,0,0,0,0,0,0,0,85,255,60,35,40,65,35,15,255,50,235,485,1180,1900,0,0,0,0,0,0,0,0,15,15,0,0,0,0,0,0,0,0,0,0,0,0,0,0,0,0,0,0,0,0,0,0,15
Neighbourhood,Betsworth,2.633,4380,85,4465,10,90,10,45,25,10,35,0,20,205,45,0,10,0,0,0,0,0,35,10,0,0,0,0,0,0,0,0,0,0,0,105,435,100,145,155,20,10,0,435,10,440,665,2490,3600,0,0,0,0,0,0,0,0,0,0,0,0,0,0,0,0,0,0,0,0,0,0,0,0,0,0,0,0,0,0,0,0,0
Neighbourhood,Birchwood,2.207,2050,50,2100,20,70,10,20,10,0,0,0,10,80,0,0,0,0,0,15,0,0,15,0,0,0,0,0,0,0,0,0,0,0,0,50,225,105,20,35,35,10,20,225,30,220,505,1190,1915,0,10,0,0,0,0,0,0,25,0,0,15,0,0,0,0,0,0,0,0,0,0,0,0,0,0,0,0,0,0,0,10,20
Neighbourhood,Booth,2.208,5280,35,5315,20,130,20,30,20,10,30,0,0,205,10,10,15,0,0,10,0,0,55,0,10,0,0,0,0,0,0,0,0,0,0,95,475,190,140,70,45,10,10,475,20,485,1415,2770,4670,0,0,0,0,0,0,0,0,0,0,0,0,0,0,0,0,0,0,0,0,0,0,0,0,0,0,0,0,0,0,0,0,10
Neighbourhood,Broadway-Assiniboine,1.165,4830,610,5445,75,80,70,45,15,15,55,0,10,1090,10,40,10,45,55,35,35,55,0,0,0,10,0,10,0,0,0,0,0,0,0,785,1460,130,100,210,360,265,390,1455,655,1530,975,2580,5090,25,10,0,0,0,0,10,15,315,20,0,10,0,55,0,40,20,50,0,0,0,25,0,10,0,0,0,0,0,0,10,75,395
Neighbourhood,Brockville,1.667,410,0,420,0,0,10,0,0,0,0,0,0,20,10,0,0,0,0,0,0,0,0,0,0,0,0,0,0,0,0,0,0,0,0,10,35,20,20,0,0,0,0,40,0,45,150,195,390,0,0,0,0,0,0,0,0,0,0,0,0,0,0,0,0,0,0,0,0,0,0,0,0,0,0,0,0,0,0,0,0,0
Neighbourhood,Brooklands,2.124,2220,85,2310,255,45,25,0,0,10,10,10,10,120,15,20,0,0,0,0,0,0,0,0,0,0,0,10,0,0,0,0,0,0,0,75,475,85,20,125,105,110,30,480,140,460,305,1125,1890,35,0,0,0,0,0,0,0,0,0,0,0,0,0,0,0,0,0,0,0,0,0,0,0,0,0,0,0,0,0,0,0,35
Neighbourhood,Bruce Park,2.204,2125,40,2165,0,60,10,10,0,0,10,0,0,125,10,0,0,0,15,0,0,0,15,0,0,10,0,0,0,0,0,0,0,0,0,75,210,80,40,35,25,0,15,205,15,240,485,1135,1860,0,0,0,0,0,0,0,0,20,10,0,0,0,0,0,0,0,0,0,0,0,0,0,0,0,0,0,0,0,0,0,10,20
Neighbourhood,Buchanan,2.209,2990,40,3030,0,95,50,55,25,10,10,25,0,140,20,0,35,0,15,0,0,0,0,10,0,0,0,0,0,0,0,0,0,10,0,50,400,65,150,100,80,15,0,405,15,420,540,1520,2480,0,0,0,0,0,0,0,0,0,0,0,0,0,0,0,0,0,0,0,0,0,0,0,0,0,0,0,0,0,0,0,0,0
Neighbourhood,Burrows Central,3.303,4535,190,4725,495,0,80,70,0,70,30,0,130,185,15,60,0,10,0,0,0,0,0,0,0,0,10,0,0,0,0,0,0,0,0,90,1080,200,60,165,340,170,150,1080,320,1090,740,1865,3700,85,0,0,50,0,10,0,0,20,10,0,0,0,0,0,0,0,0,0,0,0,0,0,0,0,0,0,0,0,0,0,10,145
Neighbourhood,Burrows-Keewatin,3.307,2760,130,2885,205,45,50,10,0,35,0,0,0,105,0,35,0,0,0,0,0,20,0,0,0,0,0,0,0,0,0,0,0,0,0,50,460,60,75,30,130,85,85,455,170,430,325,1205,1965,60,0,0,0,0,0,0,15,0,0,0,0,0,0,0,0,0,0,0,0,0,0,0,0,0,0,0,0,0,0,0,0,85
Neighbourhood,Canterbury Park,4.414,4855,60,4915,75,30,20,25,0,20,15,0,0,240,20,0,0,0,10,0,10,0,0,0,0,0,0,10,0,0,0,0,0,0,0,190,415,40,70,115,90,85,15,420,100,390,770,2520,3685,15,0,0,0,0,0,0,0,0,0,0,0,0,0,0,0,0,0,0,0,0,0,0,0,0,0,0,0,0,0,0,0,15
Neighbourhood,Centennial,3.102,2270,115,2385,220,10,0,10,0,50,20,20,10,210,15,40,10,0,0,15,0,10,0,0,10,0,0,0,0,0,0,0,0,0,0,110,545,70,25,75,190,85,95,545,180,520,190,1005,1715,70,0,0,0,0,20,0,0,0,0,0,0,0,0,0,0,0,0,0,0,0,0,0,0,0,0,0,0,0,0,0,0,95
Neighbourhood,Central Park,1.169,2580,625,3205,485,20,10,0,0,10,10,30,0,635,10,95,0,0,10,0,10,0,10,0,0,0,0,0,0,0,0,0,0,10,0,490,1215,20,50,175,270,230,470,1210,700,1180,335,1075,2590,95,0,0,0,0,0,0,0,370,0,0,0,30,0,0,40,0,10,0,0,0,0,0,0,0,10,0,0,0,10,0,270,465
Neighbourhood,Central River Heights,1.611,3005,110,3115,35,40,25,15,20,0,30,15,0,225,85,0,0,0,0,15,10,0,20,0,0,10,0,0,10,0,0,0,0,0,0,75,410,110,135,35,75,30,35,410,65,425,815,1305,2545,15,10,0,0,0,0,0,0,10,0,0,0,0,0,0,0,0,0,0,0,0,0,0,0,0,0,0,0,0,0,0,10,35
Neighbourhood,Central St. Boniface,5.502,5870,130,6000,15,25,20,0,10,0,35,10,10,385,25,30,0,0,0,0,10,0,10,0,10,60,0,10,10,0,0,0,0,0,0,220,490,125,35,75,140,50,55,490,105,500,815,3930,5250,0,10,0,0,10,0,0,0,45,0,0,0,0,0,0,0,0,0,0,30,0,0,0,0,0,0,0,0,0,0,0,15,60
Neighbourhood,Chalmers,4.401,8950,565,9520,125,95,90,85,60,45,15,10,0,960,15,60,60,50,10,65,0,50,10,20,20,0,0,10,15,0,0,0,0,0,0,575,1485,240,110,275,280,165,420,1490,585,1400,1565,4520,7485,0,10,0,0,0,0,10,15,380,70,0,40,0,45,0,0,0,0,10,45,0,0,10,0,10,0,0,0,0,0,0,150,420
Neighbourhood,China Town,3.172,430,120,545,10,0,0,0,0,0,0,250,0,135,0,40,0,0,15,0,0,0,0,0,0,0,0,0,0,0,0,0,0,0,0,80,400,25,10,30,110,135,95,400,230,390,20,70,475,10,0,45,0,0,0,0,0,40,0,0,0,10,0,0,0,0,0,0,0,0,15,0,0,0,0,0,0,0,0,0,15,100
Neighbourhood,Cloutier Drive,5.635,260,0,255,0,10,10,0,0,0,0,0,0,10,0,0,0,0,0,0,0,0,0,0,0,0,0,0,0,0,0,0,0,0,0,10,25,10,10,0,10,0,0,25,0,25,80,145,250,0,0,0,0,0,0,0,0,0,0,0,0,0,0,0,0,0,0,0,0,0,0,0,0,0,0,0,0,0,0,0,0,0
Neighbourhood,Colony,1.167,590,35,625,15,15,0,25,0,0,0,0,0,70,0,15,10,0,0,10,0,0,0,0,0,0,0,0,15,0,0,0,0,0,0,20,130,45,0,10,25,35,15,130,50,150,165,295,605,10,0,0,0,0,0,0,0,0,0,0,0,0,0,0,0,0,0,0,0,0,0,0,0,0,0,0,0,0,0,0,0,10
Neighbourhood,Crescent Park,1.612,2475,85,2560,10,10,0,15,10,0,30,45,0,140,10,0,10,0,10,0,0,0,0,0,25,0,0,0,0,0,0,10,0,0,0,75,265,65,70,35,40,10,45,260,55,310,690,1080,2080,0,0,0,0,20,0,0,0,20,0,0,0,0,0,0,0,0,0,0,0,0,0,0,0,0,0,0,0,0,0,0,20,45
Neighbourhood,Crescentwood,1.601,2655,80,2735,0,90,10,0,0,0,40,20,0,110,10,15,0,0,0,0,10,0,0,10,0,0,0,0,0,0,0,0,0,0,0,65,285,60,90,55,55,25,0,285,25,290,635,1265,2190,0,0,0,0,0,0,0,0,10,10,0,0,0,0,0,0,0,0,0,0,0,0,0,0,0,0,0,0,0,0,0,0,0
Neighbourhood,Crestview,2.21,8950,205,9160,30,170,50,100,40,10,35,0,10,405,80,15,10,20,10,20,0,0,0,10,0,15,10,10,0,0,0,0,0,0,10,195,840,240,205,140,120,20,110,840,130,810,1825,4780,7415,0,0,0,0,0,0,35,0,60,0,0,20,0,0,0,0,0,20,0,0,0,0,0,0,0,0,0,0,0,0,0,20,110
Neighbourhood,Dakota Crossing,5.53,7950,230,8185,80,135,35,40,15,10,25,50,25,455,25,20,20,10,15,10,20,0,0,0,0,10,0,0,0,0,0,0,10,0,0,315,870,165,140,215,195,60,100,870,160,895,1370,3805,6075,0,0,10,10,0,0,0,0,70,0,0,0,0,0,0,0,0,0,0,0,0,10,0,0,0,0,0,0,0,0,0,60,95
Neighbourhood,Daniel McIntyre,1.108,8880,845,9720,1990,60,50,80,110,305,15,70,25,1165,80,380,15,65,0,60,50,0,15,0,0,0,10,0,10,0,0,10,0,0,0,470,3885,345,305,880,985,825,545,3890,1370,3775,1245,2470,7485,295,25,15,0,0,0,25,0,185,0,0,35,45,0,0,0,15,0,0,0,0,0,0,0,0,0,0,0,0,0,0,90,545
Neighbourhood,Deer Lodge,2.205,3605,60,3665,0,95,10,50,0,10,20,10,20,90,0,0,0,0,0,0,0,10,0,0,0,10,10,0,0,0,0,0,0,0,0,60,335,125,65,75,50,0,15,335,15,365,900,1695,2960,0,0,0,15,0,0,0,0,0,0,0,0,0,0,0,0,0,0,0,0,0,0,0,0,0,0,0,0,0,0,0,0,15
Neighbourhood,Dufferin,3.301,1705,50,1750,130,25,25,10,0,15,10,0,45,80,0,10,0,0,0,0,0,10,0,0,0,0,0,0,0,0,0,0,0,0,0,60,335,60,25,50,140,25,45,340,70,330,245,745,1315,35,0,0,0,0,0,0,0,0,0,0,0,0,0,0,0,0,0,0,0,0,0,0,0,0,0,0,0,0,0,0,0,45
Neighbourhood,Dufresne,5.506,415,15,425,0,10,0,0,0,0,0,0,0,40,0,0,10,0,0,0,0,0,0,0,0,10,0,0,0,0,0,0,0,0,0,20,50,20,10,10,10,0,0,45,0,50,85,230,360,0,0,0,0,0,0,0,0,0,0,0,0,0,0,0,0,0,0,0,0,0,0,0,0,0,0,0,0,0,0,0,0,0
Neighbourhood,Eaglemere,4.423,705,45,750,0,10,25,20,10,0,0,20,15,100,15,10,0,0,0,0,0,0,0,0,0,0,0,0,10,0,0,0,0,0,0,65,190,10,25,40,45,65,0,190,65,195,140,255,590,0,0,0,0,0,0,0,0,0,0,0,0,0,0,0,0,0,0,0,0,0,0,0,0,0,0,0,0,0,0,0,0,0
Neighbourhood,Earl Grey,1.106,4225,80,4305,85,60,30,20,0,10,50,20,10,225,40,0,0,10,0,10,15,10,10,0,0,10,0,0,0,0,0,0,0,0,0,120,510,100,75,135,95,60,45,510,105,540,755,2385,3675,0,0,0,0,0,0,0,0,25,15,0,0,0,0,0,0,10,0,0,0,0,0,0,0,0,0,0,0,0,0,0,0,40
Neighbourhood,East Elmwood,4.405,3030,40,3065,50,20,45,40,0,15,30,20,10,175,10,65,15,10,0,0,15,0,0,0,0,0,0,0,0,0,0,0,0,0,0,60,415,110,30,95,130,20,20,410,40,415,505,1510,2430,0,0,0,0,0,0,0,10,10,0,0,0,0,0,0,0,0,0,0,0,0,0,0,0,10,0,0,0,0,0,0,0,20
Neighbourhood,Ebby-Wentworth,1.107,730,0,725,20,10,0,0,0,0,0,10,10,45,0,0,0,10,0,0,0,0,0,10,0,0,0,0,0,0,0,0,0,0,0,25,100,20,10,10,40,25,0,105,25,105,135,375,615,0,0,0,0,0,0,0,0,0,0,0,0,0,0,0,0,0,0,0,0,0,0,0,0,0,0,0,0,0,0,0,0,0
Neighbourhood,Edgeland,2.613,1515,95,1615,15,35,40,35,0,0,15,25,0,220,0,0,0,0,0,0,0,0,0,0,0,0,0,0,20,0,0,0,0,0,20,180,380,105,15,0,85,80,90,380,170,300,330,530,1160,10,0,25,0,0,0,0,0,55,20,0,0,0,0,0,20,0,0,0,0,0,0,0,0,0,0,0,0,15,0,0,0,90
Neighbourhood,Elm Park,5.507,1695,55,1745,0,35,0,0,10,0,45,0,0,20,0,0,0,0,10,0,0,0,0,0,0,0,0,0,10,0,0,0,0,0,0,0,135,30,30,10,35,0,25,135,25,135,310,965,1410,0,0,0,0,0,0,0,0,20,0,10,0,0,0,0,0,0,0,0,0,10,0,0,0,0,0,0,0,0,0,0,0,25
Neighbourhood,Elmhurst,2.636,4840,60,4895,0,90,40,65,15,0,70,10,10,190,20,0,10,10,0,20,0,0,55,0,25,0,10,0,0,0,0,0,0,0,0,40,475,150,110,95,95,10,20,475,30,490,1035,2415,3945,0,0,10,0,0,0,0,0,20,0,0,20,0,0,0,0,0,0,0,0,0,0,0,0,0,0,0,0,0,0,0,0,25
Neighbourhood,Eric Coy,2.614,2385,45,2430,0,55,45,40,0,0,40,0,35,60,0,0,10,0,0,0,0,0,0,0,0,0,0,0,0,0,0,10,0,0,0,40,270,110,70,35,35,0,25,270,25,265,485,1255,2005,0,0,0,0,0,10,0,0,20,0,0,0,0,0,0,0,0,0,0,0,0,0,0,0,0,0,0,0,0,0,0,20,25
Neighbourhood,Exchange District,3.17,325,15,340,15,10,0,0,0,0,0,0,0,0,0,0,0,0,0,0,0,0,0,0,0,0,0,0,0,0,0,0,0,0,0,0,45,10,15,0,0,10,10,45,20,35,70,215,325,10,0,0,0,0,0,0,0,0,0,0,0,0,0,0,0,0,0,0,0,0,0,0,0,0,0,0,0,0,0,0,0,10
Neighbourhood,Fort Richmond,5.615,10635,1120,11760,75,300,75,55,195,15,135,525,55,1250,50,45,45,40,85,25,30,0,0,30,70,0,0,0,0,30,10,10,0,0,0,780,2690,365,315,415,465,420,705,2690,1125,2780,1780,5110,9665,20,25,325,0,50,25,30,0,235,10,0,0,0,0,20,0,0,25,0,0,0,0,0,10,10,0,0,0,0,0,0,160,705
Neighbourhood,Garden City,3.316,5475,180,5650,125,55,420,65,15,195,15,20,165,340,55,50,10,0,0,0,0,10,0,0,0,0,0,10,0,0,0,0,0,0,0,205,1415,640,160,220,175,115,115,1415,230,1430,1700,1715,4840,60,10,0,10,0,10,0,0,45,0,0,0,20,0,0,0,0,0,0,0,0,0,0,0,0,0,0,0,0,0,0,25,110
Neighbourhood,Glendale,2.211,995,30,1025,0,0,15,10,15,0,0,0,0,20,10,0,0,0,0,0,0,0,0,0,0,0,0,0,0,0,0,0,0,0,0,10,60,20,10,0,15,10,10,55,20,60,185,615,850,0,10,0,0,0,0,0,0,0,0,0,0,0,0,0,0,0,0,0,0,0,0,0,0,0,0,0,0,0,0,0,0,0
Neighbourhood,Glenelm,4.409,2190,65,2255,0,10,0,15,0,10,85,0,10,75,0,0,0,0,0,0,0,10,0,10,0,0,0,10,0,0,0,0,0,0,0,45,200,40,0,65,25,60,0,200,60,195,410,1200,1810,0,0,0,0,0,0,0,0,10,0,10,0,0,0,0,0,0,0,0,0,0,0,0,0,0,0,0,0,0,0,0,0,10
Neighbourhood,Glenwood,5.508,3605,105,3715,20,110,15,60,0,0,20,35,0,130,0,0,10,0,0,0,0,0,0,0,0,0,10,0,0,0,0,0,0,0,0,110,400,140,100,100,10,20,35,400,55,395,620,2110,3125,15,0,0,0,0,0,0,0,10,0,0,0,0,0,0,0,0,0,0,0,0,0,0,0,0,0,0,0,0,0,0,10,30
Neighbourhood,Grant Park,1.604,2385,115,2500,100,35,20,50,10,10,20,0,10,290,20,10,25,0,10,10,0,0,10,0,0,0,0,0,0,0,0,0,0,0,0,205,540,120,25,45,135,120,95,540,215,510,530,1160,2195,10,0,0,0,0,0,0,0,75,20,0,0,0,0,0,0,0,0,10,0,0,0,0,15,0,0,0,0,0,0,0,30,95
Neighbourhood,Grassie,4.424,2075,30,2105,15,10,30,15,0,50,15,10,15,65,0,0,0,0,0,0,0,0,0,0,0,0,10,0,0,0,0,0,0,0,0,55,250,30,60,70,30,25,30,250,55,240,360,915,1515,0,0,0,0,0,0,0,0,30,20,0,0,0,0,0,0,0,0,0,0,0,0,0,0,0,0,0,0,0,0,0,10,30
Neighbourhood,Heritage Park,2.212,5005,75,5080,30,120,25,15,20,10,55,0,0,345,40,0,35,10,15,20,10,0,35,0,0,0,10,0,0,0,0,0,0,0,0,170,630,165,175,120,95,55,25,635,80,685,1025,2520,4220,0,10,0,0,0,10,0,0,10,0,0,0,0,0,0,0,0,0,0,0,0,0,0,0,0,0,0,0,0,0,0,10,25
Neighbourhood,Holden,5.509,140,0,140,0,0,0,0,0,0,0,0,0,20,0,0,10,10,0,0,0,0,0,0,0,0,0,0,0,0,0,0,0,0,0,0,20,15,0,10,0,0,0,20,0,20,25,60,105,0,0,0,0,0,0,0,0,0,0,0,0,0,0,0,0,0,0,0,0,0,0,0,0,0,0,0,0,0,0,0,0,0
Neighbourhood,Inkster Gardens,3.319,3125,155,3275,460,0,0,10,270,95,0,10,20,190,25,30,15,0,10,0,15,30,0,0,0,10,0,0,0,0,0,10,0,0,0,45,1060,50,80,420,300,110,95,1060,205,1040,495,915,2455,50,15,0,0,0,0,0,0,30,0,0,0,0,30,0,0,0,0,0,0,0,0,0,0,0,0,0,0,0,0,0,0,95
Neighbourhood,Inkster-Faraday,3.308,3835,130,3965,450,65,70,50,0,60,20,20,45,225,0,45,10,15,0,15,0,40,0,0,0,0,0,0,0,0,0,0,0,0,0,100,1000,170,120,155,290,215,40,995,255,940,790,1405,3135,35,0,0,0,0,0,0,0,0,0,0,0,0,0,0,0,0,0,0,0,0,0,0,0,0,0,0,0,0,0,0,0,45
Neighbourhood,Island Lakes,5.556,4840,140,4985,30,105,10,40,45,35,20,35,15,300,25,20,15,20,25,0,0,0,0,10,10,0,10,0,0,0,15,0,0,0,0,150,615,65,145,180,135,65,25,610,90,630,715,2375,3715,0,0,0,0,0,0,0,0,25,0,0,0,0,0,0,0,10,0,0,0,15,0,0,0,0,0,0,0,0,0,0,0,25
Neighbourhood,J. B. Mitchell,1.616,2070,90,2155,45,70,30,10,0,0,35,0,20,225,60,0,0,15,0,0,0,0,0,0,15,0,10,0,0,0,0,0,0,0,0,125,430,75,80,85,85,45,65,430,110,425,410,970,1805,0,0,0,10,15,10,0,0,30,0,0,0,0,0,30,0,0,0,0,0,0,0,0,0,0,0,0,0,0,0,0,0,65
Neighbourhood,Jameswood,2.213,1375,35,1410,0,10,0,15,0,0,20,20,0,20,0,0,10,0,0,0,0,0,0,0,0,0,0,0,0,0,0,0,0,0,0,10,90,0,10,15,15,25,25,85,50,105,200,760,1070,0,0,0,0,0,15,0,0,10,0,0,0,0,0,0,0,0,0,0,0,0,0,0,0,0,0,0,0,0,0,0,10,20
Neighbourhood,Jefferson,3.309,7920,305,8230,215,90,520,100,10,125,40,15,215,390,30,15,10,25,10,35,0,35,15,0,0,0,0,0,0,0,0,0,0,0,0,215,1725,655,260,275,235,110,195,1725,305,1665,2035,3210,6910,85,10,10,50,0,0,15,0,35,0,0,0,0,0,0,0,0,0,0,0,0,0,0,0,0,0,0,0,0,0,0,35,195
Neighbourhood,Kensington,2.201,280,0,275,0,10,0,0,0,0,0,0,0,10,0,0,0,0,0,0,0,0,0,0,0,0,0,0,0,0,0,0,0,0,0,10,20,10,10,10,0,0,0,20,0,20,40,150,210,0,0,0,0,0,0,0,0,0,0,0,0,0,0,0,0,0,0,0,0,0,0,0,0,0,0,0,0,0,0,0,0,0
Neighbourhood,Kern Park,4.406,1590,15,1610,20,45,0,20,0,0,10,0,0,70,35,0,25,0,0,0,0,0,0,10,0,0,0,0,0,0,0,0,0,0,0,0,155,60,45,30,0,15,0,155,15,155,330,905,1390,0,0,0,0,0,0,0,0,0,0,0,0,0,0,0,0,0,0,0,0,0,0,0,0,0,0,0,0,0,0,0,0,0
Neighbourhood,Kil-Cona Park,4.427,280,0,280,0,0,0,0,0,0,0,0,0,15,0,0,0,0,0,0,0,0,0,0,0,0,0,0,0,0,0,0,0,0,0,15,15,0,10,0,10,0,10,15,10,15,60,145,225,0,0,0,0,0,0,0,0,0,0,0,0,0,0,0,0,0,0,0,0,0,0,0,0,0,0,0,0,0,0,0,0,0
Neighbourhood,Kildare-Redonda,4.41,6575,75,6645,30,115,10,65,10,0,30,0,10,230,20,10,40,10,0,0,0,0,0,0,0,0,0,0,0,0,0,10,0,0,0,140,480,175,105,115,55,15,20,480,35,495,1315,3540,5355,0,0,0,0,0,0,0,0,25,0,0,0,0,0,0,0,0,0,0,0,0,0,0,0,0,0,0,0,0,0,0,25,20
Neighbourhood,Kildonan Drive,4.411,4700,90,4795,10,115,55,100,0,0,35,35,85,205,0,0,25,0,0,45,0,0,0,0,0,0,15,15,0,0,0,0,0,0,0,105,650,395,80,75,25,25,55,650,80,645,1450,2000,4095,0,0,20,0,0,0,0,0,30,0,10,0,0,0,10,0,0,0,0,0,0,0,0,0,10,0,0,0,0,0,0,0,50
Neighbourhood,King Edward,2.203,5375,135,5510,125,105,10,15,0,0,20,10,15,220,0,0,30,0,0,10,0,0,0,10,0,10,10,0,0,0,0,0,0,0,0,150,550,120,85,130,135,10,75,555,85,520,940,3100,4560,35,0,0,0,0,0,0,0,35,0,0,0,0,0,0,0,0,0,0,0,0,0,0,0,0,25,0,0,0,0,0,10,70
Neighbourhood,Kingston Crescent,5.518,700,20,720,0,10,0,0,0,0,10,0,0,40,0,0,0,0,0,0,0,0,0,0,0,0,0,0,0,0,0,0,0,25,0,15,60,20,10,10,0,10,20,60,30,45,220,320,585,0,0,0,0,0,10,0,0,10,0,0,0,0,0,0,0,0,0,0,0,0,0,0,0,0,0,0,10,0,0,0,0,20
Neighbourhood,Kirkfield,2.216,2660,60,2720,10,90,20,65,0,0,10,10,0,125,0,0,0,0,10,10,0,0,0,10,10,0,0,0,0,0,0,0,0,0,0,85,325,195,20,35,55,10,10,320,20,355,670,1320,2345,0,0,0,0,0,0,0,0,0,0,0,0,0,0,0,0,0,0,0,0,0,0,0,0,0,0,0,0,0,0,0,0,10
Neighbourhood,Lavalee,5.51,1305,55,1365,0,20,10,0,15,10,10,0,0,105,0,10,0,0,0,0,0,0,0,0,0,0,0,0,0,0,0,0,0,0,0,95,165,15,10,25,30,55,35,165,90,150,215,670,1035,0,10,0,0,0,10,0,0,25,10,0,0,0,0,0,0,0,0,0,0,0,0,0,0,0,0,0,0,0,0,0,15,40
Neighbourhood,Leila-Mcphillips Triangle,3.32,2875,145,3015,315,35,75,25,45,75,10,0,0,245,65,15,20,0,0,20,10,0,0,0,0,0,10,0,0,0,0,0,0,0,0,105,825,80,195,240,130,115,65,830,180,855,720,1015,2590,35,20,0,0,0,0,0,0,15,0,0,0,0,0,15,0,0,0,0,0,0,0,0,0,0,0,0,0,0,0,0,0,70
Neighbourhood,Linden Woods,1.634,7395,195,7590,215,140,35,50,85,60,55,185,10,700,195,0,30,15,85,0,50,0,10,0,10,15,0,0,0,0,40,15,0,0,0,235,1535,245,425,385,200,200,85,1535,285,1495,1565,2765,5830,25,10,0,0,0,0,0,0,55,0,0,0,0,0,10,0,0,0,0,0,0,0,0,0,0,0,10,0,0,0,0,35,85
Neighbourhood,Logan-C.P.R.,3.101,285,10,300,0,0,10,10,0,0,0,0,0,110,0,20,15,10,0,0,0,0,0,0,0,0,0,0,0,0,0,0,0,0,0,65,110,0,0,20,65,15,15,110,30,105,45,95,240,0,0,0,0,0,0,0,0,10,0,0,0,0,0,0,0,0,0,0,0,0,0,0,0,0,0,0,0,0,0,0,10,15
Neighbourhood,Lord Roberts,1.665,4945,125,5070,55,115,35,25,0,0,85,0,0,350,45,25,40,0,10,0,0,0,0,0,0,10,0,0,0,0,0,15,0,0,0,205,675,170,135,160,140,10,65,675,75,685,845,2555,4090,20,0,0,0,0,10,0,25,10,0,0,0,0,0,0,0,0,0,0,0,0,0,0,0,0,0,0,0,0,0,0,10,65
Neighbourhood,Lord Selkirk Park,3.339,1285,55,1340,0,0,80,15,0,0,0,0,10,125,10,0,10,0,0,0,0,0,0,0,20,0,0,0,0,0,0,0,0,0,0,85,245,55,45,15,95,25,10,245,35,225,125,550,895,0,0,0,0,0,0,0,0,0,0,0,0,0,0,0,0,0,0,0,0,0,0,0,0,0,0,0,0,0,0,0,0,10
Neighbourhood,Luxton,3.305,2475,105,2575,10,50,25,55,10,10,10,0,0,100,0,0,0,0,0,15,0,0,0,0,0,0,0,0,0,0,0,0,0,0,0,85,275,65,45,40,45,25,60,275,85,245,455,1270,1970,0,0,0,0,0,0,0,0,60,0,0,0,0,0,0,0,0,0,0,0,0,0,0,0,0,0,0,0,0,0,0,60,60
Neighbourhood,Maginot,5.511,1640,25,1660,0,15,60,10,10,10,25,25,0,110,10,0,0,0,15,0,0,0,10,0,15,0,0,0,0,10,0,0,0,0,0,50,245,15,35,65,90,10,25,245,35,225,180,840,1250,0,0,20,0,0,0,0,0,10,0,10,0,0,0,0,0,0,0,0,0,0,0,0,0,0,0,0,0,0,0,0,0,25
Neighbourhood,Mandalay West,3.321,4615,375,4985,925,15,140,15,265,165,20,20,25,315,15,0,10,10,15,10,35,45,0,0,0,0,0,0,25,0,0,0,0,0,0,150,1900,70,120,885,545,130,155,1905,285,1885,995,1015,3890,60,50,0,0,0,0,10,0,35,0,0,0,0,0,0,0,0,0,0,0,0,0,0,0,0,0,0,0,0,0,0,35,155
Neighbourhood,Margaret Park,3.318,2185,45,2235,45,20,125,75,0,10,0,0,40,110,10,25,20,0,0,0,0,15,0,0,0,0,0,0,0,0,0,0,0,0,0,40,425,185,80,35,120,0,20,430,20,435,630,775,1835,0,0,0,0,0,0,0,0,20,0,0,0,0,0,0,0,0,0,0,0,0,0,0,0,0,0,0,0,0,0,0,20,20
Neighbourhood,Marlton,2.617,705,15,720,0,25,0,15,0,0,20,0,15,80,20,0,0,0,0,0,0,0,0,0,0,0,0,0,0,0,0,0,0,0,0,60,160,40,25,45,30,10,0,160,10,160,160,310,630,0,0,0,0,0,0,0,0,0,0,0,0,0,0,0,0,0,0,0,0,0,0,0,0,0,0,0,0,0,0,0,0,10
Neighbourhood,Mathers,1.618,2395,115,2510,0,55,35,25,0,15,0,0,15,285,65,10,10,0,0,10,0,0,30,0,0,0,0,0,10,15,0,0,0,0,0,135,435,125,105,40,90,45,35,435,80,435,610,1185,2230,0,0,0,0,10,0,0,0,40,0,0,0,0,0,15,0,0,0,0,0,0,0,0,0,0,0,0,0,0,0,0,25,35
Neighbourhood,Maybank,1.605,2265,40,2305,20,15,30,35,20,15,10,0,0,135,50,0,10,10,0,10,0,0,0,0,0,0,0,0,0,0,0,0,0,0,0,55,290,95,55,90,40,10,0,290,10,305,490,1190,1985,0,0,0,0,0,0,0,0,0,0,0,0,0,0,0,0,0,0,0,0,0,0,0,0,0,0,0,0,0,0,0,0,0
Neighbourhood,Mcmillan,1.11,3410,125,3540,35,100,20,20,0,10,110,15,0,205,10,10,15,0,10,10,10,0,0,0,0,15,0,10,0,15,0,0,15,0,0,85,505,80,135,110,100,50,30,505,80,530,680,2005,3215,0,0,15,0,0,0,0,0,20,0,10,0,0,0,0,0,0,0,0,0,0,0,0,0,0,0,0,0,0,0,0,10,30
Neighbourhood,Meadowood,5.554,5775,160,5935,45,130,60,80,85,10,25,25,10,230,35,10,0,10,10,0,10,0,0,10,0,0,10,0,0,0,0,0,0,0,0,135,685,150,155,150,100,30,100,685,130,675,925,3070,4670,0,55,0,0,0,0,0,15,20,0,0,0,0,0,0,0,0,0,10,0,0,0,0,0,0,0,0,0,0,0,0,10,100
Neighbourhood,Meadows,4.415,5100,205,5305,85,75,65,20,20,25,40,0,0,260,15,0,10,30,10,0,10,20,0,0,0,0,0,0,0,0,0,0,0,0,0,165,585,65,65,210,135,65,45,585,110,575,835,2590,4000,15,0,0,0,0,20,0,0,10,0,10,0,0,0,0,0,0,0,0,0,0,0,0,0,0,0,0,0,0,0,0,0,45
Neighbourhood,Melrose,4.402,1330,25,1355,0,20,35,0,0,0,10,0,10,30,10,0,10,0,0,0,0,0,0,0,0,0,0,0,0,0,0,0,0,0,0,10,120,25,35,15,30,10,0,120,10,125,285,670,1085,0,0,0,0,0,0,0,0,0,0,0,0,0,0,0,0,0,0,0,0,0,0,0,0,0,0,0,0,0,0,0,0,0
Neighbourhood,Minnetonka,5.519,4400,60,4460,30,80,20,30,60,0,35,10,55,280,35,0,30,0,30,0,0,0,0,0,0,0,15,0,15,0,0,0,0,0,0,155,605,130,135,150,75,40,75,605,115,590,790,2225,3610,0,20,0,50,0,0,0,0,20,0,0,0,0,0,10,0,0,0,0,0,0,0,0,0,0,0,0,0,0,0,0,10,75
Neighbourhood,Minto,1.115,5425,155,5580,380,70,20,55,0,155,25,40,15,355,45,95,10,25,0,20,0,0,0,0,20,0,0,0,0,0,0,0,0,0,0,140,1120,120,115,260,290,170,160,1120,330,1110,945,2385,4440,90,0,25,0,20,0,0,0,15,0,0,0,0,0,0,0,0,0,0,0,0,0,0,0,0,0,0,0,0,0,0,15,165
Neighbourhood,Mission Gardens,4.416,3315,180,3490,100,50,10,35,35,10,20,0,0,340,20,25,40,25,10,0,10,15,0,0,0,0,10,0,0,0,0,0,0,0,0,185,595,70,100,155,140,55,75,595,130,610,555,1350,2515,0,0,0,0,0,0,0,0,70,0,0,0,0,0,10,0,0,0,0,0,0,0,0,0,0,0,0,0,0,0,0,60,75
Neighbourhood,Montcalm,5.64,3945,535,4480,40,140,10,10,55,0,65,60,30,625,15,0,25,0,35,0,20,0,0,15,10,0,0,10,0,10,0,0,0,0,0,485,1025,115,110,125,190,155,325,1025,480,1085,660,2105,3850,0,40,30,30,0,10,10,0,200,0,0,0,0,0,0,25,0,0,60,0,10,10,0,10,0,0,0,0,0,0,0,85,325
Neighbourhood,Munroe East,4.412,8390,330,8715,160,165,110,125,10,25,40,105,45,670,45,65,35,20,0,15,45,25,0,15,0,0,15,0,0,0,0,0,0,0,0,390,1445,390,155,210,320,195,175,1440,370,1380,1595,3935,6905,30,0,20,10,0,15,0,0,115,0,10,0,0,15,0,0,0,0,0,35,10,0,0,0,0,0,0,0,0,0,0,45,175
Neighbourhood,Munroe West,4.407,2940,75,3015,20,15,20,35,10,0,10,0,35,230,0,0,0,10,0,0,15,0,0,10,0,0,0,0,0,0,0,0,0,0,0,195,385,85,25,120,80,0,70,385,70,360,725,1300,2385,0,0,0,0,0,10,0,0,60,20,0,0,0,0,0,0,10,0,0,0,0,0,0,0,0,0,0,0,0,0,0,30,70
Neighbourhood,Mynarski,3.31,1185,105,1290,105,0,70,35,0,45,10,0,30,110,10,50,0,0,0,0,0,10,0,0,0,0,0,0,0,0,0,0,0,0,0,40,390,95,30,55,85,30,90,385,120,365,250,375,995,15,0,0,15,0,0,0,0,65,0,0,0,45,0,10,0,0,0,0,0,0,0,0,0,0,0,0,0,0,0,0,10,90
Neighbourhood,Niakwa Park,5.55,940,10,950,0,15,0,20,0,0,0,0,0,25,0,0,0,0,0,0,0,0,0,0,0,0,0,0,0,0,0,0,10,0,0,15,70,25,15,10,20,0,0,70,0,70,210,535,815,0,0,0,0,0,0,0,0,0,0,0,0,0,0,0,0,0,0,0,0,0,0,0,0,0,0,0,0,0,0,0,0,0
Neighbourhood,Niakwa Place,5.551,2215,30,2245,15,45,55,15,0,0,10,10,0,90,20,0,15,0,0,0,0,0,0,0,10,0,0,0,0,0,0,0,0,0,0,45,250,100,50,60,35,0,0,250,0,250,540,1085,1870,0,0,0,0,0,0,0,0,0,0,0,0,0,0,0,0,0,0,0,0,0,0,0,0,0,0,0,0,0,0,0,0,0
Neighbourhood,Norberry,5.512,1260,30,1290,10,15,45,15,0,0,10,10,0,100,0,20,20,0,0,0,0,0,0,0,0,0,0,0,0,0,0,0,0,0,0,60,200,65,40,0,0,70,0,195,70,190,210,650,1050,0,0,0,0,0,0,0,0,10,0,0,0,10,0,0,0,0,0,0,0,0,0,0,0,0,0,0,0,0,0,0,0,10
Neighbourhood,Normand Park,5.527,685,30,720,0,15,0,10,0,0,10,0,0,30,0,0,0,0,0,0,0,0,0,10,0,0,10,0,0,0,0,0,0,0,0,10,60,15,20,15,10,0,10,60,10,60,65,445,575,0,0,0,0,0,0,0,0,10,0,0,0,0,0,0,0,0,0,0,0,0,0,0,0,0,0,0,0,0,0,0,10,10
Neighbourhood,North Point Douglas,3.311,2205,50,2260,70,0,75,25,0,15,0,0,25,160,15,15,0,0,0,0,10,10,0,0,0,0,0,0,0,15,0,0,0,0,0,95,355,90,25,60,140,15,30,355,45,345,305,1090,1735,10,0,0,0,0,0,0,0,20,0,0,0,0,0,0,0,0,0,0,0,0,0,0,0,0,0,0,0,0,0,0,20,30
Neighbourhood,North River Heights,1.62,5545,160,5705,0,265,15,55,0,10,120,0,10,235,15,0,25,0,0,0,0,15,20,0,0,0,0,10,35,0,0,0,0,0,0,115,710,220,160,100,130,45,60,710,105,735,955,2865,4555,0,0,0,0,0,0,0,0,60,0,25,0,0,0,0,0,0,0,0,0,0,0,0,0,10,0,0,0,0,0,0,25,60
Neighbourhood,North St. Boniface,5.501,1870,10,1880,0,0,15,10,0,0,0,0,10,85,0,0,0,0,0,0,0,0,0,0,0,0,0,0,0,0,0,0,0,0,0,85,130,10,10,10,55,35,15,130,50,125,215,1140,1480,0,0,0,0,0,0,0,0,10,0,0,0,0,0,0,0,0,0,0,0,0,0,0,0,0,0,0,0,0,0,0,10,15
Neighbourhood,Norwood East,5.513,4030,80,4110,15,25,45,25,0,20,30,0,0,205,10,20,15,20,0,0,0,10,0,30,15,10,0,0,0,0,0,0,0,0,0,75,370,105,45,80,75,0,65,370,65,355,610,2495,3470,0,0,0,0,0,0,0,0,50,0,0,0,0,0,0,0,10,0,0,0,25,0,0,0,0,0,0,0,0,0,0,15,70
Neighbourhood,Norwood West,5.514,3120,40,3160,10,80,0,10,0,0,10,0,0,100,20,0,0,0,0,0,0,0,0,0,0,15,0,0,0,0,0,0,10,10,0,45,225,40,60,90,15,10,10,225,20,245,490,1790,2525,0,0,0,0,0,0,0,0,0,0,0,0,0,0,0,0,0,0,0,0,0,0,0,0,0,0,0,0,0,0,0,0,10
Neighbourhood,Old Tuxedo,2.621,700,65,770,0,10,0,20,0,0,35,0,20,50,0,0,0,0,0,0,0,0,0,0,0,0,15,0,0,0,0,0,0,0,0,35,145,60,10,20,10,0,40,140,40,135,205,320,650,0,0,0,10,0,15,0,0,30,0,0,0,0,0,10,0,0,0,0,0,0,0,0,0,10,0,0,0,0,0,0,10,40
Neighbourhood,Parc La Salle,5.67,2180,70,2250,0,30,0,0,45,0,25,0,0,100,0,0,0,10,15,0,0,0,0,0,0,0,10,0,0,0,0,0,0,0,0,65,200,0,20,40,65,35,30,195,65,200,200,1275,1680,0,20,0,0,0,10,0,0,0,0,0,0,0,0,0,0,0,0,0,0,0,0,0,0,0,0,0,0,0,0,0,0,25
Neighbourhood,Peguis,4.417,185,0,185,0,0,0,15,0,0,0,0,20,10,0,0,0,0,0,0,0,0,0,0,0,0,0,0,0,0,0,0,0,0,0,10,45,30,10,0,0,0,0,40,0,40,60,60,165,0,0,0,0,0,0,0,0,0,0,0,0,0,0,0,0,0,0,0,0,0,0,0,0,0,0,0,0,0,0,0,0,0
Neighbourhood,Pembina Strip,1.643,2575,160,2735,15,50,10,0,0,10,0,10,15,280,0,15,0,10,35,0,0,10,0,10,25,0,20,0,0,0,0,0,0,0,0,155,395,45,55,45,125,15,105,395,120,420,700,1530,2645,10,0,0,0,25,0,10,0,60,25,0,0,10,0,10,0,0,0,0,0,0,15,0,0,0,0,0,0,0,0,0,0,105
Neighbourhood,Point Road,1.606,1790,40,1825,0,35,10,45,0,0,30,10,10,165,25,10,20,0,0,0,0,15,0,10,0,0,0,0,0,0,0,0,0,20,0,65,280,105,50,45,45,25,10,285,35,285,350,855,1495,0,0,0,0,0,0,0,0,10,0,0,0,0,0,0,0,0,0,0,0,0,0,0,0,10,0,0,0,0,0,0,0,10
Neighbourhood,Polo Park,2.125,270,10,285,20,0,0,10,0,0,0,0,0,50,0,10,0,10,0,0,0,0,0,10,0,0,0,0,0,0,0,0,0,0,0,20,70,20,0,10,30,0,10,70,10,65,80,110,265,0,0,0,0,0,0,0,0,10,0,0,0,0,0,0,0,0,0,0,0,10,0,0,0,0,0,0,0,0,0,0,0,10
Neighbourhood,Portage-Ellice,1.168,775,85,860,30,40,20,15,0,0,0,10,0,60,0,0,10,0,15,0,0,0,0,0,0,10,0,0,0,0,0,0,0,0,0,25,185,100,10,25,15,10,30,185,40,240,270,330,840,15,0,0,0,0,0,0,0,15,0,0,0,0,0,0,0,0,0,0,0,0,15,0,0,0,0,0,0,0,0,0,0,30
Neighbourhood,Pulberry,5.521,4495,125,4615,0,80,45,50,25,0,25,25,35,270,20,0,35,20,10,0,0,0,0,0,0,10,0,10,0,0,10,0,0,0,0,155,565,240,95,110,30,20,75,565,95,565,935,2345,3845,0,0,20,15,0,0,0,0,15,15,0,0,0,0,0,0,0,0,0,0,0,0,0,0,0,0,0,0,0,0,0,0,75
Neighbourhood,Radisson,4.408,3410,45,3455,0,50,25,25,0,10,15,0,0,120,15,0,45,0,0,0,0,0,0,0,0,0,0,25,0,0,0,0,0,0,0,35,250,110,90,10,10,30,0,250,30,270,655,1865,2785,0,0,0,0,0,0,0,0,0,0,0,0,0,0,0,0,0,0,0,0,0,0,0,0,0,0,0,0,0,0,0,0,0
Neighbourhood,Richmond Lakes,5.641,1640,50,1690,0,0,0,10,0,0,15,0,0,130,0,10,10,10,0,0,10,0,0,0,0,10,0,0,0,0,0,0,0,0,0,80,155,20,15,65,35,15,15,160,30,180,185,900,1270,0,0,0,0,0,10,0,0,10,0,0,0,0,0,0,0,0,0,0,0,0,0,0,0,0,0,0,0,0,0,0,10,10
Neighbourhood,Richmond West,5.638,6130,365,6495,35,85,80,35,130,15,55,190,30,775,45,25,20,10,175,0,70,10,0,0,0,0,0,0,0,40,45,0,0,0,0,335,1425,95,185,320,335,265,220,1425,485,1385,925,2760,5075,0,20,55,20,0,10,0,0,130,0,10,0,0,0,0,0,0,10,0,0,0,0,0,0,10,0,0,0,0,0,0,100,220
Neighbourhood,Ridgedale,2.622,755,10,755,0,30,10,10,0,0,0,0,0,35,0,0,0,0,15,0,0,0,0,0,0,0,0,10,0,0,0,0,0,0,0,10,100,30,25,10,30,0,0,95,0,100,195,325,620,0,0,0,0,0,0,0,0,0,0,0,0,0,0,0,0,0,0,0,0,0,0,0,0,0,0,0,0,0,0,0,0,0
Neighbourhood,Ridgewood South,2.649,325,0,325,0,10,0,10,0,0,0,0,15,20,0,0,0,0,0,0,0,0,10,0,0,0,0,0,0,0,0,0,0,0,0,10,55,20,15,15,10,0,0,50,0,55,60,145,255,0,0,0,0,0,0,0,0,0,0,0,0,0,0,0,0,0,0,0,0,0,0,0,0,0,0,0,0,0,0,0,0,0
Neighbourhood,River East,4.418,8640,175,8815,20,100,170,230,30,40,55,15,130,555,55,10,75,10,0,20,0,40,15,10,0,10,0,30,0,0,0,0,0,0,0,280,1345,620,300,185,115,70,50,1350,120,1350,2125,3805,7285,0,0,0,30,0,15,0,0,0,0,0,0,0,0,0,0,0,0,0,0,0,0,0,0,0,0,0,0,0,0,0,0,50
Neighbourhood,River Park South,5.529,10600,250,10840,110,240,90,65,55,20,55,40,15,745,30,10,10,70,115,25,30,15,10,0,20,10,0,0,0,10,10,0,15,0,0,365,1430,150,235,375,325,195,145,1430,340,1435,1615,5315,8370,0,0,10,15,20,0,0,0,105,0,40,0,0,0,10,0,0,0,0,0,0,0,0,0,0,0,0,0,0,10,0,45,150
Neighbourhood,River West Park,2.623,1555,50,1600,0,65,10,0,15,0,15,0,0,20,0,0,10,0,0,0,10,0,0,0,0,0,0,0,0,0,0,0,0,0,0,0,120,10,50,15,10,0,40,120,40,110,285,895,1295,0,0,0,0,0,0,0,0,40,0,40,0,0,0,0,0,0,0,0,0,0,0,0,0,0,0,0,0,0,0,0,0,40
Neighbourhood,Riverbend,3.323,3610,105,3715,95,45,70,20,50,40,15,25,45,200,10,0,0,20,20,0,25,20,0,0,0,0,0,0,0,0,0,0,0,0,0,105,615,55,45,180,195,60,75,615,135,600,450,1590,2640,0,0,0,0,0,0,0,0,75,0,20,0,0,10,0,0,0,0,0,0,0,0,0,0,0,0,0,0,0,0,0,45,75
Neighbourhood,Rivergrove,3.322,1030,10,1035,0,15,25,30,0,0,0,0,15,50,10,0,0,0,0,0,10,10,0,0,0,0,0,0,0,0,0,0,0,0,0,20,140,85,35,20,0,0,0,145,0,145,285,380,805,0,0,0,0,0,0,0,0,0,0,0,0,0,0,0,0,0,0,0,0,0,0,0,0,0,0,0,0,0,0,0,0,0
Neighbourhood,River-Osborne,1.111,4345,365,4710,75,120,10,35,40,0,15,15,10,590,25,25,10,20,25,30,20,15,0,15,65,0,0,0,0,15,0,0,0,0,0,325,895,85,80,160,225,90,260,895,350,945,765,2560,4265,10,40,20,0,55,0,0,0,145,0,35,10,0,0,0,0,0,0,15,0,0,0,0,0,0,0,0,0,0,0,0,85,260
Neighbourhood,Riverview,1.666,4260,90,4355,55,135,40,40,0,0,35,35,0,210,10,0,20,0,10,0,0,0,0,10,0,0,55,0,0,0,0,0,0,0,0,105,535,200,75,135,70,35,20,535,55,565,905,2130,3600,0,0,0,0,0,0,0,0,20,0,10,0,0,0,0,0,0,0,0,0,0,0,0,0,0,0,0,0,0,0,0,10,20
Neighbourhood,Robertson,3.312,3915,215,4125,455,55,155,20,0,115,10,15,70,95,15,10,0,0,0,0,0,10,0,0,0,0,0,0,0,0,0,0,0,0,0,60,1010,220,95,160,260,185,95,1010,280,985,1030,1390,3405,90,0,0,0,0,0,0,0,0,0,0,0,0,0,0,0,0,0,0,0,0,0,0,0,0,0,0,0,0,0,0,0,90
Neighbourhood,Roblin Park,2.624,1040,10,1050,0,20,0,10,0,0,15,0,0,40,0,0,10,0,0,0,10,10,0,0,0,0,0,10,0,0,0,0,0,0,0,0,75,20,15,20,15,0,0,75,0,70,240,535,845,0,0,0,0,0,0,0,0,0,0,0,0,0,0,0,0,0,0,0,0,0,0,0,0,0,0,0,0,0,0,0,0,0
Neighbourhood,Rockwood,1.607,3925,115,4045,125,95,45,0,10,10,25,25,30,265,60,10,20,0,0,10,0,10,10,15,0,0,10,0,0,0,0,0,0,0,0,120,620,180,65,105,125,95,50,625,145,605,1000,1905,3515,0,0,20,0,0,0,0,0,40,0,0,10,0,10,0,0,0,0,0,0,0,0,0,10,0,0,0,0,0,0,0,10,50
Neighbourhood,Roslyn,1.117,3955,240,4195,10,160,95,10,10,0,30,15,0,390,10,15,20,0,15,20,10,0,10,0,0,10,10,10,0,0,0,0,0,0,0,260,720,295,80,95,65,75,105,720,180,780,1330,2015,4130,10,0,20,0,0,0,0,0,75,10,10,0,15,0,0,0,0,0,0,0,0,0,0,0,0,0,0,0,0,0,0,40,105
Neighbourhood,Rosser-Old Kildonan,3.335,300,0,295,10,10,35,0,20,0,0,0,0,35,15,0,0,0,0,0,0,0,0,0,0,0,0,0,0,0,0,0,0,0,0,20,100,0,25,60,0,15,0,100,15,105,35,75,210,0,0,0,0,0,0,0,0,0,0,0,0,0,0,0,0,0,0,0,0,0,0,0,0,0,0,0,0,0,0,0,0,0
Neighbourhood,Rossmere-A,4.413,12715,690,13405,50,170,320,250,0,35,70,55,420,1765,55,55,50,50,10,35,15,35,10,35,0,0,10,0,0,0,0,0,0,0,0,1405,3155,1135,340,385,455,395,445,3150,840,3070,2950,4815,10835,25,0,10,15,0,0,0,0,385,40,0,20,0,15,15,0,0,0,10,0,10,0,0,0,10,10,0,0,0,0,0,255,445
Neighbourhood,Rossmere-B,4.434,3990,30,4020,10,40,55,50,0,25,25,0,75,190,10,10,15,0,0,20,0,10,0,10,0,0,0,0,0,0,0,0,0,0,0,115,470,250,75,70,60,10,0,470,10,485,1120,1770,3370,0,0,0,0,0,0,0,0,0,0,0,0,0,0,0,0,0,0,0,0,0,0,0,0,0,0,0,0,0,0,0,0,0
Neighbourhood,Royalwood,5.555,1285,15,1300,10,0,15,0,0,0,0,10,0,65,0,0,10,0,10,0,0,0,0,0,0,0,0,0,0,10,0,0,0,0,0,35,100,15,20,35,0,10,15,100,25,95,210,675,975,0,0,0,0,0,10,0,0,15,15,0,0,0,0,0,0,0,0,0,0,0,0,0,0,0,0,0,0,0,0,0,0,20
Neighbourhood,Sargent Park,1.118,5435,530,5970,1045,65,35,35,15,340,10,25,25,390,85,50,10,0,10,0,0,0,15,0,10,10,0,0,0,0,0,0,0,0,0,200,1975,220,230,450,470,260,350,1980,610,1960,1140,1730,4835,290,0,0,0,0,0,0,0,45,0,0,0,10,0,0,0,0,0,0,0,0,0,0,0,0,0,0,0,0,0,0,35,350
Neighbourhood,Seven Oaks,3.314,2950,40,2990,0,60,95,40,0,20,30,0,45,215,30,10,10,20,0,0,0,35,0,10,0,10,0,0,0,0,0,0,0,0,0,90,490,230,70,100,80,0,15,490,15,505,630,1345,2480,0,0,0,10,0,10,0,0,0,0,0,0,0,0,0,0,0,0,0,0,0,0,0,0,0,0,0,0,0,0,0,0,15
Neighbourhood,Shaughnessy Park,3.315,2085,70,2155,290,15,30,20,40,65,15,0,10,185,10,55,10,0,0,0,0,35,0,0,0,0,0,0,0,0,0,0,0,0,0,75,660,90,60,165,190,100,55,655,155,645,515,620,1770,10,40,0,0,0,0,0,0,10,0,0,0,0,0,0,0,0,0,0,0,0,0,0,0,0,0,0,0,0,0,0,10,55
Neighbourhood,Silver Heights,2.215,5140,90,5225,70,115,60,40,0,10,10,15,25,175,20,40,20,0,0,0,0,0,10,0,0,0,0,0,0,0,0,10,0,0,0,75,510,170,50,90,65,85,50,510,135,520,1145,2620,4290,35,0,10,0,0,0,0,0,0,0,0,0,0,0,0,0,0,0,0,0,0,0,0,0,0,0,0,0,0,0,0,0,50
Neighbourhood,Sir John Franklin,1.626,2290,50,2345,15,35,0,25,0,15,20,0,20,75,0,0,10,0,0,0,0,0,0,0,0,0,0,0,25,0,0,0,0,0,0,40,235,75,50,60,10,10,35,235,45,245,515,1260,2020,0,0,0,10,0,0,0,0,25,0,0,0,0,0,0,0,0,0,0,0,0,0,25,0,0,0,0,0,0,0,0,0,35
Neighbourhood,South Point Douglas,3.123,170,0,170,10,0,0,0,0,0,0,0,0,10,0,0,0,0,0,0,0,0,0,0,0,0,0,0,0,0,0,0,0,0,0,10,15,0,0,10,0,0,0,20,0,20,25,90,130,0,0,0,0,0,0,0,0,0,0,0,0,0,0,0,0,0,0,0,0,0,0,0,0,0,0,0,0,0,0,0,0,0
Neighbourhood,South Portage,1.161,1475,215,1695,10,40,0,15,15,0,15,0,0,160,0,0,0,0,0,0,0,0,20,10,0,0,0,0,0,0,0,0,0,0,0,130,280,50,60,30,40,35,55,280,90,380,370,910,1660,0,10,0,0,0,0,0,0,55,0,0,0,0,0,0,10,0,0,0,10,0,0,0,0,0,0,10,0,0,0,0,25,55
Neighbourhood,South River Heights,1.628,2670,40,2710,25,15,35,20,25,0,45,10,0,270,75,0,0,0,10,0,0,0,10,0,10,20,0,10,15,0,0,0,10,0,0,110,415,110,110,65,30,30,70,415,100,400,770,985,2160,25,0,0,0,0,0,0,0,45,0,0,0,0,0,0,0,0,0,0,0,0,0,0,0,0,0,0,0,0,0,0,45,70
Neighbourhood,South Tuxedo,2.645,3370,190,3555,35,95,20,25,100,0,20,0,10,330,45,10,10,0,20,10,0,10,30,0,0,0,10,0,65,0,0,0,0,0,0,120,625,130,135,180,30,25,130,625,155,630,1065,1300,2990,20,40,0,0,0,0,0,0,70,0,0,10,0,0,0,0,0,0,0,0,0,0,50,0,0,0,0,0,0,0,0,10,130
Neighbourhood,Southboine,2.627,1300,30,1335,0,50,0,20,0,0,25,0,0,35,0,0,0,0,0,0,0,0,10,0,0,0,0,0,0,0,0,10,0,0,0,15,130,60,35,15,0,10,0,130,10,145,280,600,1025,0,0,0,0,0,0,0,0,0,0,0,0,0,0,0,0,0,0,0,0,0,0,0,0,0,0,0,0,0,0,0,0,0
Neighbourhood,Southdale,5.552,6905,95,7005,45,135,10,50,135,45,35,25,10,510,105,0,30,20,15,0,45,0,15,0,20,0,0,20,0,0,0,0,10,0,0,230,1000,285,200,245,105,100,70,1000,170,975,1160,3500,5645,15,10,0,0,0,0,0,0,35,0,0,0,0,0,0,0,10,0,0,0,0,0,0,0,0,0,0,0,0,0,0,25,65
Neighbourhood,Southland Park,5.542,890,10,895,10,15,0,0,0,0,0,10,10,25,0,0,0,25,0,0,0,0,0,0,0,0,0,0,0,0,0,0,0,0,0,0,70,20,25,10,0,10,0,70,10,65,130,530,725,0,0,0,0,0,10,0,0,0,0,0,0,0,0,0,0,0,0,0,0,0,0,0,0,0,0,0,0,0,0,0,0,0
Neighbourhood,Spence,1.104,3370,375,3745,485,15,25,25,10,140,0,35,20,570,0,180,0,25,10,40,85,0,10,10,0,10,0,0,0,0,0,0,0,0,0,200,1310,80,75,255,335,265,295,1305,560,1185,385,1340,2910,95,0,10,0,0,0,0,0,200,10,0,25,10,0,0,10,0,0,0,0,0,0,0,0,0,0,0,0,0,0,0,145,295
Neighbourhood,Springfield North,4.419,4910,50,4955,40,35,75,40,45,25,15,15,15,200,0,10,10,0,10,0,0,25,0,10,0,0,10,10,10,0,0,0,0,0,0,105,520,145,60,135,75,80,20,520,100,515,855,2395,3770,0,10,0,0,0,0,0,0,10,0,0,0,0,0,0,0,0,0,0,0,0,0,0,0,0,0,0,0,0,0,0,10,20
Neighbourhood,Springfield South,4.42,1535,65,1600,0,10,20,20,20,35,0,15,0,145,0,15,0,0,0,0,0,10,10,0,0,10,0,0,0,0,0,0,0,0,0,100,260,50,50,40,65,35,20,260,55,260,300,685,1245,0,20,0,0,0,0,0,0,0,0,0,0,0,0,0,0,0,0,0,0,0,0,0,0,0,0,0,0,0,0,0,0,20
Neighbourhood,St. George,5.515,2810,65,2875,0,75,20,25,25,0,10,0,0,160,0,0,15,0,0,15,0,0,0,0,0,0,0,0,0,0,0,0,0,0,0,130,325,90,70,60,25,15,60,320,75,330,670,1340,2340,0,25,0,0,10,0,0,0,35,0,0,0,0,0,0,0,0,0,10,0,0,0,0,0,0,0,0,0,0,0,0,25,60
Neighbourhood,St. John's,3.306,7590,245,7840,565,45,185,60,0,10,15,50,85,385,20,0,20,0,0,20,10,10,10,0,0,0,10,10,0,0,0,0,0,0,0,275,1430,255,155,270,410,205,140,1430,345,1405,1060,3360,5825,50,0,10,25,0,0,0,10,45,0,0,0,0,0,0,0,0,0,0,0,0,0,0,25,0,0,0,0,0,0,0,20,140
Neighbourhood,St. John's Park,3.313,510,40,555,0,0,10,0,0,0,0,0,25,75,15,0,10,0,0,0,0,0,0,0,0,0,0,10,0,0,0,0,0,0,0,40,105,35,10,0,20,20,20,105,40,105,130,250,480,0,0,0,0,0,0,0,0,10,0,0,0,0,0,0,0,0,0,0,0,0,0,0,0,0,0,0,0,0,0,0,10,15
Neighbourhood,St. Matthews,1.112,5460,425,5890,840,65,35,10,55,160,55,105,15,755,70,175,0,75,0,0,20,15,25,10,0,0,0,0,0,25,0,10,10,0,0,320,2080,195,180,430,635,415,230,2080,645,2000,735,1865,4605,130,10,10,0,0,10,0,0,70,0,0,0,0,0,0,0,20,0,0,0,0,0,0,0,0,0,0,0,0,0,0,50,225
Neighbourhood,St. Norbert,5.625,1320,20,1340,0,20,20,0,0,0,15,0,0,40,0,0,0,0,0,0,0,0,0,0,0,0,0,15,0,0,0,10,0,0,0,15,100,40,20,25,0,0,10,95,10,90,290,755,1135,0,0,0,0,0,0,0,0,0,0,0,0,0,0,0,0,0,0,0,0,0,0,0,0,0,0,0,0,0,0,0,0,10
Neighbourhood,St. Vital Perimeter South,5.543,1425,40,1460,0,40,0,10,0,0,10,0,0,130,15,0,0,0,0,0,0,0,0,10,0,0,10,10,0,0,0,10,0,0,0,75,175,65,25,15,40,35,0,175,35,175,250,710,1140,0,0,0,0,0,0,0,0,0,0,0,0,0,0,0,0,0,0,0,0,0,0,0,0,0,0,0,0,0,0,0,0,0
Neighbourhood,Sturgeon Creek,2.214,3240,35,3275,10,70,10,40,10,10,15,25,0,105,15,0,10,0,15,0,0,0,0,0,0,0,0,0,0,0,0,0,0,0,0,65,305,115,55,40,45,25,25,305,50,315,690,1745,2750,0,0,20,0,0,0,0,0,0,0,0,0,0,0,0,0,0,0,0,0,0,0,0,0,0,0,0,0,0,0,0,0,25
Neighbourhood,Talbot-Grey,4.403,2285,25,2310,10,20,0,20,0,0,0,10,15,80,0,15,0,0,0,0,0,0,0,0,0,0,10,0,0,0,0,0,0,0,0,55,160,50,0,65,15,25,0,160,25,180,415,1225,1820,0,0,0,0,0,0,0,0,0,0,0,0,0,0,0,0,0,0,0,0,0,0,0,0,0,0,0,0,0,0,0,0,0
Neighbourhood,Templeton-Sinclair,3.324,4660,135,4800,105,65,220,90,50,155,45,0,110,335,50,0,15,10,10,20,15,25,10,0,0,20,0,15,10,0,0,10,10,0,0,115,1155,255,225,245,250,145,35,1155,180,1130,1120,1800,4060,0,30,0,0,0,0,0,0,10,0,0,0,0,0,0,0,10,0,0,0,0,0,0,0,0,0,0,0,0,0,0,0,35
Neighbourhood,The Maples,3.317,12455,1150,13605,1595,120,255,95,710,645,45,60,45,1160,195,105,15,150,10,30,20,80,20,0,0,0,0,15,0,0,0,0,0,0,0,520,4730,445,720,1295,1165,475,625,4725,1100,4615,2505,3640,10760,280,165,0,0,0,10,0,0,165,15,15,10,35,0,0,0,40,0,0,0,0,0,0,0,0,0,0,0,0,0,0,50,625
Neighbourhood,Tissot,5.503,150,0,150,0,0,0,0,0,0,0,0,0,20,0,10,0,0,0,0,0,0,0,0,0,0,0,0,0,0,0,0,0,0,0,10,15,0,0,0,10,0,0,15,0,10,10,115,140,0,0,0,0,0,0,0,0,0,0,0,0,0,0,0,0,0,0,0,0,0,0,0,0,0,0,0,0,0,0,0,0,0
Neighbourhood,Transcona South,4.425,720,10,725,30,0,0,10,0,0,0,0,0,20,0,0,10,0,0,0,0,0,0,0,0,0,0,0,0,0,0,0,0,0,0,10,70,30,0,35,0,0,0,65,0,85,205,330,620,0,0,0,0,0,0,0,0,0,0,0,0,0,0,0,0,0,0,0,0,0,0,0,0,0,0,0,0,0,0,0,0,0
Neighbourhood,Trappistes,5.673,215,0,210,0,15,0,0,10,0,0,0,0,10,0,0,0,0,0,0,0,0,0,0,0,0,0,0,0,0,0,0,0,0,0,10,35,10,15,10,0,0,0,35,0,40,55,95,190,0,0,0,0,0,0,0,0,0,0,0,0,0,0,0,0,0,0,0,0,0,0,0,0,0,0,0,0,0,0,0,0,0
Neighbourhood,Tuxedo,2.619,2520,130,2650,20,65,10,55,25,0,50,0,10,220,25,0,0,0,85,0,0,0,0,0,0,0,10,0,25,0,0,0,0,0,0,75,455,125,60,35,175,25,35,455,60,485,620,985,2095,10,0,0,0,0,10,0,0,25,0,0,0,0,0,0,0,0,0,0,0,0,0,0,0,10,0,0,0,0,0,0,15,35
Neighbourhood,Tyndall Park,3.325,12445,620,13065,2365,45,140,50,390,260,35,90,0,1045,25,270,10,120,35,0,50,35,0,20,0,0,0,10,0,0,0,0,0,0,0,470,4415,100,295,1625,1375,645,370,4410,1015,4290,1940,3675,9905,215,110,0,0,0,15,0,0,35,0,0,0,0,0,0,0,0,0,10,0,0,10,0,0,0,0,0,0,0,0,0,15,375
Neighbourhood,University,5.656,60,100,155,0,0,0,0,0,0,0,10,0,10,0,0,0,0,0,0,0,0,0,0,0,0,0,0,0,0,10,0,0,0,0,0,15,0,0,0,10,10,10,15,20,110,15,25,150,0,0,0,0,0,0,0,0,10,0,0,0,0,0,0,0,0,0,0,0,0,0,0,0,0,0,0,0,0,0,0,10,10
Neighbourhood,Valhalla,4.421,2970,20,2990,0,110,85,80,0,0,0,0,120,220,10,0,10,0,0,0,0,0,0,0,0,0,10,10,0,0,0,0,0,0,0,180,620,385,95,25,60,50,10,620,60,630,1060,1180,2870,0,0,0,0,0,0,0,0,10,0,0,0,0,0,0,0,0,0,0,0,0,0,0,0,0,0,0,0,0,0,0,10,10
Neighbourhood,Valley Gardens,4.422,7960,415,8375,25,120,150,80,415,50,35,105,85,720,35,60,25,50,45,25,35,30,15,10,0,0,10,0,0,0,0,0,0,0,0,380,1770,300,250,285,430,300,200,1770,500,1730,1470,3420,6620,0,100,0,0,0,0,0,10,85,10,20,0,0,0,0,0,0,0,0,0,0,0,0,0,0,0,0,0,0,0,0,55,200
Neighbourhood,Varennes,5.516,1015,70,1080,15,25,10,0,0,0,25,0,0,40,10,0,0,0,0,0,0,0,0,0,0,0,0,0,0,0,0,0,0,0,0,30,115,20,15,35,20,15,10,115,25,125,190,570,885,0,0,0,0,0,0,0,10,0,0,0,0,0,0,0,0,0,0,0,0,0,0,0,0,0,0,0,0,0,0,0,0,10
Neighbourhood,Varsity View,2.608,2475,130,2600,10,125,40,10,10,0,10,0,15,95,0,0,0,15,10,0,0,10,0,0,0,0,0,10,0,0,0,0,0,0,0,50,330,90,20,105,65,35,20,330,55,360,495,1315,2170,10,0,0,0,0,0,0,0,15,0,15,0,0,0,0,0,0,0,0,0,0,0,0,0,0,0,0,0,0,0,0,0,20
Neighbourhood,Vialoux,2.63,975,30,1000,0,20,10,10,0,0,10,0,10,60,10,0,0,0,0,0,0,0,0,0,0,0,0,10,0,0,0,0,0,0,0,40,125,45,20,0,15,0,35,120,35,120,185,540,850,0,0,0,0,0,10,0,0,25,0,0,0,0,0,0,0,0,0,0,0,0,0,10,0,0,0,0,0,0,0,0,15,40
Neighbourhood,Victoria Crescent,5.523,615,15,630,0,10,0,30,10,0,10,10,0,30,0,0,0,0,15,0,0,0,0,0,0,0,0,0,0,0,0,0,0,0,0,15,100,50,10,20,10,0,0,100,0,100,100,290,485,0,0,0,0,0,0,0,0,0,0,0,0,0,0,0,0,0,0,0,0,0,0,0,0,0,0,0,0,0,0,0,0,0
Neighbourhood,Victoria West,4.404,2470,40,2510,0,55,15,10,0,0,15,0,10,85,30,0,10,0,0,25,0,0,0,0,0,0,0,0,0,0,0,0,0,0,0,20,180,80,20,40,10,25,0,185,25,180,690,1240,2110,0,0,0,0,0,0,0,0,10,0,0,10,0,0,0,0,0,0,0,0,0,0,0,0,0,0,0,0,0,0,0,0,0
Neighbourhood,Vista,5.524,1530,10,1540,0,30,0,25,0,0,20,0,0,105,10,0,10,10,0,0,0,10,0,0,0,10,0,0,0,0,0,0,0,0,0,55,175,35,30,65,25,0,0,170,0,170,230,865,1260,0,0,0,0,0,0,0,0,0,0,0,0,0,0,0,0,0,0,0,0,0,0,0,0,0,0,0,0,0,0,0,0,0
Neighbourhood,Waverley Heights,5.646,5130,300,5430,70,90,30,10,185,20,60,75,0,685,95,40,25,15,60,0,30,25,10,0,0,0,0,10,10,0,0,0,0,0,0,365,1215,85,275,340,320,110,90,1215,200,1250,965,2245,4460,0,25,0,0,0,0,0,0,65,0,0,0,0,0,0,0,0,10,0,0,10,0,0,0,0,0,0,0,0,0,0,45,90
Neighbourhood,Wellington Crescent,1.631,1445,80,1520,0,80,10,10,0,0,50,0,0,25,0,0,0,15,10,0,0,0,0,0,0,0,0,0,0,0,0,0,0,0,0,0,205,20,70,55,20,0,30,200,30,220,240,755,1210,0,0,0,0,0,0,0,0,30,0,30,0,0,0,0,0,0,0,0,0,0,0,0,0,0,0,0,0,0,0,0,0,30
Neighbourhood,West Alexander,3.105,3540,605,4145,470,15,10,10,35,365,0,140,10,690,35,225,25,15,10,10,0,0,10,0,0,0,0,0,10,0,0,0,0,0,0,350,1740,85,135,340,390,345,435,1740,780,1600,455,1075,3135,100,35,120,0,0,0,0,0,180,0,0,0,35,0,0,30,0,0,0,0,0,0,0,0,0,0,0,0,0,0,0,115,435
Neighbourhood,West Broadway,1.103,4635,410,5040,60,65,25,25,10,25,80,50,15,495,0,20,0,50,0,0,0,0,15,40,15,0,0,10,0,0,0,10,0,0,10,325,860,140,90,100,215,105,200,860,305,935,780,2705,4420,0,0,30,10,10,0,0,0,150,0,10,0,0,0,15,0,10,0,0,0,30,0,0,10,0,0,0,0,0,0,0,75,200
Neighbourhood,West Wolseley,2.226,220,15,235,20,10,0,0,0,0,20,0,10,25,0,0,0,0,0,0,0,0,0,0,0,0,0,0,0,0,0,0,0,0,0,25,75,45,0,15,0,0,0,75,0,80,35,115,230,0,0,0,0,0,0,0,0,0,0,0,0,0,0,0,0,0,0,0,0,0,0,0,0,0,0,0,0,0,0,0,0,0
Neighbourhood,Westdale,2.632,4620,175,4795,0,170,10,35,40,10,35,0,0,220,0,0,10,10,20,25,0,0,0,0,0,0,0,0,0,0,0,0,0,0,0,155,525,95,75,195,45,60,65,525,125,560,705,2535,3805,0,0,0,0,0,0,0,0,65,0,15,20,0,0,0,0,0,0,0,0,0,0,0,0,0,0,0,0,0,0,0,30,65
Neighbourhood,Weston,2.114,5460,325,5785,735,65,15,30,10,55,0,10,0,155,0,45,15,0,0,0,0,10,0,0,10,10,0,0,0,0,0,0,0,0,0,65,1080,75,75,230,250,245,205,1075,450,990,815,2495,4300,175,0,0,0,0,0,0,0,30,0,0,0,15,0,0,0,0,0,0,0,0,0,0,0,0,0,0,0,0,0,0,15,205
Neighbourhood,Westwood,2.224,7210,175,7385,30,180,20,50,40,15,80,15,20,360,45,0,35,10,0,10,0,0,125,10,0,10,10,0,10,10,0,0,0,0,0,85,790,310,140,140,85,70,35,790,105,810,1490,3755,6050,0,25,0,0,0,0,0,0,10,0,0,0,0,0,0,0,0,0,0,0,0,0,10,0,0,0,0,0,0,0,0,0,40
Neighbourhood,Whyte Ridge,2.647,6230,165,6395,50,100,20,70,130,25,30,40,0,400,25,10,10,10,30,10,15,0,15,0,0,0,0,0,0,0,10,0,0,0,0,265,870,105,105,255,235,115,50,870,165,920,1070,2505,4490,0,10,0,0,0,10,0,0,20,0,0,0,0,0,0,0,0,0,0,0,0,0,0,0,0,0,0,0,0,0,0,20,50
Neighbourhood,Wildwood,1.609,1070,35,1100,0,30,0,10,0,0,55,0,0,20,0,0,10,0,0,0,0,0,0,0,0,0,0,0,10,0,0,0,0,0,0,0,125,25,40,0,0,45,0,125,45,130,170,560,865,0,0,0,0,0,0,0,0,0,0,0,0,0,0,0,0,0,0,0,0,0,0,0,0,0,0,0,0,0,0,0,0,0
Neighbourhood,Wilkes South,2.6,430,0,430,0,0,0,0,0,0,0,0,0,10,0,0,0,0,0,0,0,0,0,0,0,0,0,0,0,0,0,0,0,0,0,10,25,15,0,0,0,0,0,25,0,20,110,185,315,0,0,0,0,0,0,0,0,0,0,0,0,0,0,0,0,0,0,0,0,0,0,0,0,0,0,0,0,0,0,0,0,0
Neighbourhood,William Whyte,3.302,5565,180,5740,525,45,100,15,15,10,15,10,50,290,10,20,0,10,10,40,0,0,0,0,20,0,0,0,0,0,0,0,0,0,0,180,1070,140,85,200,310,235,105,1070,340,1050,640,2590,4280,70,0,10,10,0,0,0,0,20,0,0,10,0,0,0,0,0,0,0,0,0,0,0,0,0,0,0,0,0,0,0,10,100
Neighbourhood,Windsor Park,5.525,9450,255,9710,140,145,80,135,0,10,60,25,0,480,10,10,20,25,10,15,10,10,15,10,0,30,10,0,10,0,0,0,0,0,0,295,1050,340,205,125,170,85,125,1045,210,1045,1740,5135,7925,40,0,10,0,0,0,0,0,90,70,10,0,0,0,0,0,0,0,0,0,0,0,0,0,0,0,10,0,0,0,0,0,125
Neighbourhood,Wolseley,1.113,7550,280,7830,35,175,30,80,0,10,95,0,35,355,10,30,20,0,15,0,0,0,10,0,0,15,10,0,0,0,0,0,0,0,0,245,840,195,190,165,115,105,60,840,165,870,1400,4235,6500,0,0,0,0,0,0,10,0,45,0,0,0,0,0,0,0,0,15,0,0,0,0,0,0,0,0,0,0,0,0,0,30,60
Neighbourhood,Woodhaven,2.217,805,15,820,0,25,0,0,0,0,25,0,0,25,15,0,0,0,0,0,0,0,0,0,0,0,0,0,0,0,0,0,0,0,0,10,80,15,40,20,0,0,0,80,0,85,200,390,670,0,0,0,0,0,0,0,0,0,0,0,0,0,0,0,0,0,0,0,0,0,0,0,0,0,0,0,0,0,0,0,0,0
Neighbourhood,Worthington,5.517,4920,275,5195,30,75,15,25,40,10,15,50,20,505,0,30,20,20,20,35,15,10,0,40,0,0,0,0,0,0,0,15,0,0,0,300,790,170,40,95,140,170,175,785,345,735,830,2805,4370,20,20,10,0,0,0,25,0,105,50,0,20,0,10,0,15,0,0,0,0,0,0,0,0,0,0,0,0,0,0,0,10,175
Neighbourhood Cluster,Assiniboine South Neighbourhood Cluster,2,33920,1115,35035,95,965,245,395,235,15,390,45,155,1875,180,0,50,40,145,55,15,30,150,10,25,0,45,35,110,0,0,15,0,0,20,950,4420,1200,830,960,660,255,520,4420,775,4455,7110,16720,28285,35,35,30,20,0,40,0,0,360,20,70,45,0,0,10,25,0,0,0,0,0,0,55,0,20,0,0,0,15,0,0,100,515
Neighbourhood Cluster,Downtown East Neighbourhood Cluster,,25585,3255,28840,1865,320,175,185,85,605,245,535,60,4250,65,685,80,150,120,105,140,70,55,55,20,30,20,15,35,0,0,0,0,10,0,2595,8355,785,570,1305,2025,1540,2130,8350,3670,8315,4130,11960,24410,415,55,225,10,10,45,10,15,1325,25,10,40,80,55,15,120,25,70,0,10,30,55,0,20,0,10,0,0,0,10,15,735,2125
Neighbourhood Cluster,Downtown West Neighbourhood Cluster,,33235,2265,35500,4325,450,160,255,185,975,220,240,130,3110,280,740,50,175,35,85,80,25,60,15,25,25,15,20,15,20,0,20,10,0,0,1415,10040,1135,1020,2220,2530,1780,1365,10040,3145,9855,5580,12915,28350,810,30,55,10,20,10,40,0,375,0,0,35,60,0,0,0,30,10,0,0,10,0,0,0,10,0,0,0,0,0,0,220,1365
Neighbourhood Cluster,Fort Garry North Neighbourhood Cluster,,26545,785,27325,325,420,120,240,245,105,235,295,40,2040,330,60,100,45,160,20,70,20,25,15,55,15,45,10,20,10,55,20,0,15,0,950,4055,765,860,905,750,455,320,4055,775,4145,5675,11855,21680,40,15,0,0,45,15,10,0,190,35,10,0,10,0,10,0,0,0,0,0,0,15,0,0,10,0,10,0,0,0,0,90,315
Neighbourhood Cluster,Fort Garry South Neighbourhood Cluster,,32180,2565,34745,220,700,235,150,615,50,375,855,120,3660,210,120,120,75,385,30,160,30,20,55,75,15,15,35,0,80,65,15,0,0,0,2155,6980,785,985,1360,1440,1010,1395,6980,2405,7260,5265,15795,28315,20,130,415,45,50,60,40,0,655,15,20,0,0,0,25,25,0,40,60,0,15,10,0,25,10,0,0,10,0,0,0,400,1395
Neighbourhood Cluster,Inkster East Neighbourhood Cluster,,12545,610,13155,1490,165,120,60,55,160,35,20,15,575,20,155,35,0,10,0,0,55,0,0,0,10,0,15,0,0,0,0,0,0,0,275,2675,305,235,550,680,535,375,2675,910,2530,1965,5455,9950,280,35,0,0,0,0,0,15,40,0,0,0,20,0,0,0,0,0,0,0,0,0,0,0,0,0,0,0,0,0,0,20,375
Neighbourhood Cluster,Inkster West Neighbourhood Cluster,,15605,770,16380,2835,50,140,60,665,355,30,95,25,1240,50,300,15,120,45,10,65,70,0,20,0,10,0,10,0,0,0,10,0,0,0,515,5485,150,375,2060,1680,760,470,5485,1230,5345,2445,4600,12385,265,125,0,0,0,10,0,0,55,0,0,0,0,30,0,0,0,0,10,0,0,0,0,0,0,0,0,0,0,0,0,15,470
Neighbourhood Cluster,Point Douglas North Neighbourhood Cluster,,24045,1030,25070,2075,220,600,295,20,305,95,80,395,1200,70,165,40,30,0,60,10,65,10,0,10,10,15,20,0,0,0,0,0,0,0,695,5280,1035,515,845,1455,845,590,5285,1435,5135,4455,9920,19510,270,10,10,85,0,10,0,0,205,10,0,0,45,0,10,0,0,0,0,0,0,0,0,30,0,0,0,0,0,0,0,110,590
Neighbourhood Cluster,Point Douglas South Neighbourhood Cluster,,11020,330,11355,750,65,290,70,15,40,30,15,130,635,25,50,10,10,10,40,0,15,0,0,35,10,0,0,0,10,0,0,0,0,0,420,2045,350,180,335,690,300,190,2040,490,1980,1340,5115,8435,115,10,0,15,0,0,0,0,60,0,0,10,0,0,0,0,0,0,10,0,0,0,0,0,0,0,0,0,0,0,0,40,190
Neighbourhood Cluster,River East East Neighbourhood Cluster,,25850,930,26785,240,350,415,305,500,180,110,270,170,1905,105,155,75,65,45,45,90,85,25,30,0,10,35,20,10,0,0,0,0,0,0,1110,4440,925,605,780,970,710,450,4440,1160,4330,4780,11750,20865,30,130,25,0,0,20,0,10,230,30,25,0,0,25,0,0,0,0,0,30,0,0,0,0,0,0,10,0,0,0,0,110,450
Neighbourhood Cluster,River East South Neighbourhood Cluster,,16455,700,17150,190,135,145,165,60,75,130,35,30,1320,30,140,80,65,10,65,15,60,10,30,25,10,10,15,15,0,0,0,0,0,0,740,2260,445,145,505,445,275,450,2260,725,2190,2895,8455,13540,0,10,0,0,0,0,10,20,415,70,15,40,10,45,0,0,0,0,10,45,0,0,10,0,15,0,0,0,0,0,0,155,450
Neighbourhood Cluster,River East West Neighbourhood Cluster,,35965,1070,37040,120,550,705,745,35,105,200,110,870,3210,130,70,185,70,10,125,35,80,30,65,10,10,30,65,10,10,0,0,0,0,0,2275,6620,2870,915,860,795,555,620,6620,1175,6540,9430,14870,30840,25,10,35,40,0,30,0,0,500,60,10,20,10,15,25,10,15,0,0,0,10,0,0,0,15,10,0,0,0,0,0,300,625
Neighbourhood Cluster,River Heights East Neighbourhood Cluster,,20920,945,21865,235,620,195,125,45,15,275,85,10,1720,100,75,95,15,55,65,40,10,10,30,70,30,60,15,0,30,10,15,20,0,0,975,3330,830,510,660,600,260,475,3330,735,3505,4520,11275,19295,30,35,45,0,55,10,10,25,260,10,60,10,20,0,0,0,0,0,15,0,0,0,0,0,0,0,0,0,0,0,0,145,475
Neighbourhood Cluster,River Heights West Neighbourhood Cluster,,33330,1040,34370,460,850,255,230,80,70,430,95,130,2295,440,35,95,75,20,40,40,35,95,30,25,35,25,20,100,25,0,0,10,0,0,1150,4895,1210,975,795,870,530,520,4900,1050,4930,7365,16415,28715,45,10,20,25,15,20,0,0,375,40,55,10,0,10,40,0,10,0,10,0,0,0,25,20,10,0,0,0,0,0,0,145,515
Neighbourhood Cluster,Seven Oaks East Neighbourhood Cluster,,30765,975,31740,905,385,1555,435,180,625,155,60,635,1885,260,130,80,80,30,80,55,140,20,0,0,35,20,35,10,0,0,10,10,0,0,890,6810,2180,1070,1315,1180,550,520,6810,1070,6775,7600,11845,26215,180,65,0,70,0,15,15,0,180,0,20,0,15,15,15,0,0,0,0,0,0,0,0,0,0,0,0,0,0,0,0,115,525
Neighbourhood Cluster,Seven Oaks West Neighbourhood Cluster,,18225,1585,19810,2580,145,495,130,1075,855,65,80,80,1590,250,115,20,150,25,35,65,130,20,0,0,0,0,15,20,0,0,0,0,0,0,745,7095,555,900,2355,1830,665,785,7095,1450,6950,3700,4910,15560,340,215,10,0,0,10,0,0,210,20,15,0,30,0,0,0,45,0,0,0,0,10,0,0,0,0,0,0,0,0,0,90,790
Neighbourhood Cluster,St. Boniface East Neighbourhood Cluster,,29840,600,30445,265,495,240,285,185,100,170,140,35,1660,170,40,110,95,70,15,45,10,35,20,40,55,10,25,10,10,20,0,10,0,0,870,3555,915,710,780,585,295,270,3555,565,3505,5200,15640,24350,55,10,20,0,0,20,0,0,160,85,10,0,0,0,0,0,20,0,0,0,10,0,0,0,0,0,0,0,0,0,0,35,275
Ward,St. Charles Ward,6,31095,620,31715,105,730,195,330,135,50,205,80,40,1470,220,15,120,35,60,65,15,0,160,20,10,20,30,10,20,0,0,0,0,0,10,660,3355,1110,755,580,500,200,215,3350,415,3450,6425,16280,26150,15,50,15,0,0,10,35,0,90,0,0,20,0,0,0,0,0,20,0,0,0,0,10,0,0,0,0,0,10,0,0,30,210
Neighbourhood Cluster,St. Boniface West Neighbourhood Cluster,,14890,265,15155,35,135,85,45,10,20,70,0,15,780,50,45,20,30,0,10,10,0,15,30,20,85,0,15,15,0,0,0,15,0,0,420,1210,285,145,250,285,95,150,1205,245,1225,2135,9365,12730,10,10,0,0,0,0,0,0,135,0,0,0,0,0,0,0,10,10,0,25,30,0,0,0,0,0,10,10,0,0,0,40,145
Neighbourhood Cluster,St. James - Assiniboia East Neighbourhood Cluster,,26400,475,26875,250,625,130,180,40,35,140,45,70,1010,50,45,75,0,20,40,0,15,95,15,10,25,35,10,10,0,0,10,10,0,0,545,2525,825,455,490,390,150,225,2525,375,2605,5870,14005,22475,80,0,10,15,0,15,0,0,110,15,0,15,0,0,0,0,0,0,0,0,0,0,0,0,10,25,0,0,0,0,0,45,220
Neighbourhood Cluster,St. James - Assiniboia West Neighbourhood Cluster,,31095,620,31715,105,725,195,330,135,50,200,75,40,1505,225,20,125,35,60,65,15,0,160,20,15,25,30,10,15,10,0,0,0,10,10,655,3350,1110,750,580,500,195,215,3355,410,3450,6425,16275,26150,10,50,15,0,0,10,35,0,90,0,10,20,0,0,0,0,0,20,0,0,0,0,10,0,0,0,0,0,0,0,0,30,210
Neighbourhood Cluster,St. Vital North Neighbourhood Cluster,,25625,1075,26705,70,550,175,245,145,10,200,155,70,1805,55,65,120,60,50,110,30,10,10,50,10,30,15,10,10,0,10,10,10,20,0,1120,3420,935,475,520,385,445,660,3415,1105,3340,5220,13680,22235,35,65,50,15,10,10,25,40,405,70,15,85,10,0,10,20,10,15,15,0,10,0,0,0,10,15,0,10,0,0,0,110,665
Neighbourhood Cluster,St. Vital South Neighbourhood Cluster,,32365,775,33140,260,675,215,255,210,45,170,125,110,1915,150,45,60,95,165,30,65,20,0,30,25,25,45,10,15,10,0,10,15,0,0,1100,4000,705,740,980,780,370,430,4005,800,4005,5250,16435,25695,10,70,10,75,20,0,0,15,225,0,40,0,0,0,25,0,0,0,15,0,0,10,0,0,0,0,0,0,0,10,0,125,430
Neighbourhood Cluster,Transcona Neighbourhood Cluster,6,29615,640,30255,335,455,175,225,55,65,160,10,55,1365,150,40,185,65,20,35,25,35,0,0,0,0,10,30,0,0,0,10,0,0,0,760,2895,680,560,735,470,300,160,2895,460,2920,5735,15090,23750,30,10,0,0,0,15,0,0,85,0,0,0,0,0,0,0,0,0,0,0,0,0,0,0,0,0,0,0,0,0,0,85,160
Ward,Charleswood - Tuxedo Ward,7,40150,1280,41435,145,1065,265,465,360,40,415,90,155,2270,205,15,65,50,175,65,30,30,160,0,25,0,50,35,110,0,10,10,0,0,20,1215,5290,1305,935,1210,900,370,570,5290,940,5375,8185,19220,32775,35,50,25,20,0,50,0,0,390,20,75,45,0,10,0,20,0,0,0,0,0,0,60,0,20,0,0,0,15,0,0,125,565
Ward,Daniel McIntyre Ward,4,40070,3355,43425,5305,530,220,320,200,1125,215,305,135,4375,290,1025,65,200,65,135,180,25,75,10,30,45,25,15,30,20,0,20,10,10,0,2100,12740,1320,1150,2660,3140,2320,2155,12740,4475,12465,6615,15720,34800,1010,30,70,10,20,10,40,0,945,10,0,60,95,0,0,50,30,25,0,0,0,15,0,10,10,10,0,0,0,0,0,630,2155
Ward,Elmwood - East Kildonan Ward,14,40435,1595,42030,405,490,495,475,500,165,245,265,285,3175,140,275,155,135,50,130,115,120,25,65,30,10,30,10,15,0,0,0,0,0,0,1870,6515,1490,670,1225,1380,855,895,6515,1750,6335,7940,19125,33405,35,115,25,10,0,20,0,35,650,100,40,40,0,65,10,0,15,0,10,70,0,0,10,0,15,0,0,0,0,0,0,275,895
Ward,Fort Rouge - East Fort Garry Ward,9,42570,2450,45020,495,955,335,310,95,70,645,225,60,4095,180,140,145,130,125,110,105,95,55,95,100,50,70,30,20,35,15,20,25,15,10,2525,7280,1480,1000,1260,1450,845,1240,7280,2085,7765,8825,22955,39550,65,55,90,10,85,35,20,40,845,50,70,20,20,60,15,45,30,50,20,10,30,25,0,20,10,0,10,0,0,0,10,350,1245
Ward,Mynarski Ward,2,38315,1260,39575,2020,395,1330,460,40,275,145,95,580,2135,130,145,70,75,20,120,20,150,25,10,40,20,10,25,0,15,0,0,0,0,0,1260,7470,1930,915,1190,1885,875,680,7475,1555,7255,7040,16640,30935,280,20,25,100,0,10,10,10,240,0,0,10,0,0,0,0,0,0,10,0,0,0,0,30,0,0,0,0,0,0,0,190,675
Ward,North Kildonan Ward,15,35755,1080,36835,125,540,730,720,95,135,180,130,775,3115,125,85,180,60,10,100,20,105,35,50,10,15,40,80,10,0,0,0,0,0,0,2190,6560,2725,930,845,800,650,600,6560,1250,6480,8800,15035,30320,25,35,35,40,10,20,0,0,460,45,15,25,10,20,20,10,10,0,0,0,10,0,0,0,15,0,0,0,0,0,0,280,595
Ward,Old Kildonan Ward,1,39055,2310,41370,3690,360,1310,360,1515,1415,145,135,440,2955,465,230,85,185,55,85,130,220,25,0,0,30,15,40,30,0,0,25,0,0,0,1335,12325,1720,1645,3690,2885,1210,1180,12325,2390,12165,8505,12345,33015,485,285,10,10,0,15,0,0,365,15,35,10,45,40,15,0,45,0,0,0,0,10,0,0,0,0,0,0,0,0,0,150,1180
Ward,Point Douglas Ward,3,39515,2515,42030,5380,265,560,255,485,1055,135,515,265,3050,115,845,95,160,70,25,45,115,10,20,15,10,20,15,10,10,0,0,0,0,0,1470,11960,1040,875,2920,3395,2035,1690,11960,3725,11495,6440,14225,32160,835,190,165,60,0,45,0,15,390,10,0,0,115,0,15,30,0,0,10,0,0,20,0,0,0,0,0,0,0,0,0,190,1695
Ward,River Heights - Fort Garry Ward,8,43355,1420,44775,610,1025,310,305,185,135,475,270,145,3345,675,80,140,90,145,40,70,30,110,30,60,45,60,25,120,25,45,15,0,0,0,1540,6800,1555,1485,1210,1165,700,685,6800,1385,6785,9865,20515,37170,85,15,15,25,45,20,10,0,480,60,55,10,0,0,55,0,10,0,10,0,0,20,25,25,10,0,10,0,0,0,0,190,685
Ward,St. Boniface Ward,12,44730,865,45595,305,630,325,330,195,120,240,140,50,2440,220,85,130,125,70,20,55,15,40,50,65,140,10,40,15,15,20,0,20,10,0,1295,4765,1200,855,1030,870,390,420,4760,810,4735,7330,25005,37075,60,20,20,0,0,20,0,0,310,85,10,0,0,0,0,0,30,0,0,30,40,0,10,0,10,0,10,10,0,0,0,75,420
Ward,St. James - Brooklands Ward,5,29115,590,29700,540,680,150,185,40,45,170,55,90,1215,60,75,80,10,20,45,0,15,95,25,10,30,35,15,10,0,0,10,10,0,0,670,3150,970,480,640,530,255,270,3145,525,3215,6290,15355,24865,115,0,10,15,0,15,0,0,125,15,0,15,0,0,0,0,0,0,0,0,15,0,0,0,10,25,0,0,0,0,0,45,275
Ward,St. Norbert Ward,10,43465,2845,46310,330,950,325,225,670,75,440,900,130,4420,240,130,125,145,495,50,195,40,30,60,95,30,25,40,0,90,70,15,15,0,0,2530,8470,945,1245,1750,1775,1210,1545,8470,2755,8755,6950,21550,37255,20,130,420,60,70,60,45,0,755,10,55,0,0,0,30,25,10,40,60,0,15,15,0,20,10,0,0,10,0,0,0,455,1550
Ward,St. Vital Ward,11,46705,1575,48285,225,970,305,425,305,35,305,240,165,2975,170,95,175,80,105,120,65,15,0,65,15,45,50,25,30,0,10,25,10,25,0,1850,5930,1480,960,1110,830,615,940,5925,1555,5845,8780,24360,38990,35,140,60,75,10,15,25,55,505,75,20,90,0,0,20,15,10,20,30,0,10,0,0,0,0,15,10,10,0,0,0,180,940
Ward,Transcona Ward,13,31690,670,32360,350,465,205,240,55,120,175,20,65,1435,150,45,185,60,20,35,30,30,0,10,0,0,15,35,0,0,0,10,0,0,0,810,3140,705,615,800,500,330,190,3145,520,3165,6100,16005,25265,35,0,0,0,0,20,0,0,145,20,10,10,0,0,10,0,0,0,0,0,0,0,0,0,0,0,0,0,0,0,0,95,190
Community Area,Assiniboine South Community Area,2,33920,1115,35035,95,965,245,395,235,15,390,50,160,1875,180,10,45,40,145,55,15,30,150,0,25,10,45,35,110,0,0,10,0,0,20,950,4420,1200,830,960,660,250,520,4420,770,4460,7110,16715,28285,35,35,30,20,0,40,0,0,370,20,70,45,0,10,10,20,0,0,0,0,0,0,60,0,15,0,0,0,20,0,0,100,520
Community Area,Downtown Community Area,11,58825,5520,64345,6185,770,340,440,275,1575,465,775,185,7375,345,1425,130,320,160,190,225,95,115,65,50,55,35,35,50,25,0,30,10,10,0,4005,18395,1915,1590,3520,4555,3320,3495,18395,6815,18170,9715,24880,52765,1225,85,275,15,35,60,50,20,1725,25,10,70,145,55,20,120,60,85,0,15,45,55,0,25,0,15,10,0,0,0,15,955,3490
Community Area,Fort Garry Community Area,3,58725,3350,62075,550,1120,355,390,855,160,610,1155,155,5690,540,175,220,120,545,45,230,50,50,70,130,30,60,45,20,85,115,35,0,20,0,3105,11035,1550,1850,2265,2195,1465,1710,11035,3175,11405,10940,27650,49995,65,145,415,45,100,75,55,0,820,50,25,0,10,0,35,25,0,40,55,0,15,20,0,25,20,0,10,0,0,0,0,490,1715
Community Area,Inkster Community Area,9,28155,1380,29530,4325,215,265,115,720,515,65,115,40,1775,65,455,50,120,50,0,60,120,0,20,0,15,0,15,0,0,0,10,0,0,10,785,8160,455,610,2605,2360,1290,845,8160,2135,7875,4410,10050,22335,545,165,0,0,0,15,0,15,105,0,0,0,15,35,10,0,0,0,10,0,0,0,0,0,0,0,0,0,0,0,0,35,845
Community Area,Point Douglas Community Area,10,35065,1360,36425,2820,290,890,365,35,345,125,90,520,1860,95,215,55,45,10,100,15,80,10,10,45,15,15,25,0,15,0,0,0,0,0,1110,7325,1385,695,1175,2145,1150,775,7320,1925,7115,5795,15035,27945,385,10,20,105,0,10,0,10,245,10,0,0,45,10,10,0,0,0,0,0,0,0,0,25,0,0,0,0,0,0,0,145,775
Community Area,River East Community Area,7,78265,2705,80970,550,1045,1260,1210,595,355,440,415,1075,6380,265,365,340,195,60,230,140,225,60,120,35,25,80,95,25,0,0,0,0,0,0,4120,13325,4245,1665,2145,2210,1535,1520,13325,3055,13060,17110,35070,65240,60,140,60,50,0,50,10,30,1100,160,50,60,0,85,25,0,15,0,10,70,15,0,10,0,30,10,0,0,0,0,0,560,1525
Community Area,River Heights Community Area,12,54250,1985,56240,695,1465,450,355,130,85,705,185,135,4020,545,110,190,95,80,100,80,45,110,60,90,65,85,35,105,55,10,10,25,0,0,2125,8225,2035,1485,1455,1470,790,990,8230,1780,8430,11885,27690,48005,80,45,70,25,70,30,10,25,635,50,115,20,20,15,40,0,0,0,25,0,0,0,25,25,10,0,0,0,0,0,0,290,995
Community Area,Seven Oaks Community Area,8,48990,2555,51545,3485,525,2050,570,1255,1470,215,140,715,3470,510,245,100,225,55,110,120,265,40,0,0,40,20,50,30,0,0,10,10,0,0,1640,13905,2730,1970,3675,3010,1215,1310,13910,2525,13720,11305,16760,41780,520,280,15,70,0,20,20,0,395,20,30,10,50,10,15,0,50,0,0,0,0,10,0,0,0,0,0,0,0,0,0,200,1310
Community Area,St. Boniface Community Area,5,44730,865,45595,305,630,325,325,195,120,245,140,50,2440,215,85,130,120,75,20,55,20,45,50,60,140,10,35,20,15,20,0,20,10,0,1295,4765,1200,855,1035,870,385,420,4765,805,4735,7330,25005,37075,60,15,25,0,10,20,0,0,315,85,10,10,0,0,0,0,35,10,0,30,40,0,10,0,0,0,10,0,0,0,0,75,420
Community Area,St. James - Assiniboia Community Area,1,57495,1090,58585,355,1355,320,510,175,85,345,125,110,2470,265,65,195,40,80,105,15,15,255,35,25,50,70,15,20,0,0,10,0,0,10,1200,5875,1935,1205,1070,890,345,430,5880,775,6055,12295,30275,48625,90,50,25,15,0,25,35,0,170,10,10,30,0,0,0,0,0,15,0,0,0,0,0,0,0,30,0,0,0,0,0,75,435
Community Area,St. Vital Community Area,4,57990,1855,59840,330,1220,395,500,360,55,375,275,180,3715,200,110,180,150,215,140,95,30,10,75,30,55,60,20,25,15,15,25,20,20,0,2225,7420,1645,1210,1495,1165,810,1090,7420,1900,7345,10470,30120,47935,40,135,65,90,25,15,25,60,650,75,60,85,10,0,30,15,10,20,30,0,10,10,0,0,10,15,10,15,0,10,0,235,1090
Community Area,Transcona Community Area,6,29615,640,30255,335,450,175,225,55,70,160,10,55,1375,155,40,185,65,25,35,25,35,0,10,0,0,0,35,0,0,0,10,0,0,0,755,2895,680,555,730,465,300,155,2900,455,2920,5740,15090,23750,35,0,0,0,0,20,0,0,90,0,0,10,0,0,0,0,0,0,0,0,0,0,0,0,0,0,0,0,0,0,0,80,160
City,City of Winnipeg,1,586020,24430,610455,20030,10050,7070,5400,4890,4855,4135,3470,3385,42465,3380,3290,1825,1540,1495,1135,1075,1010,850,505,500,490,480,425,410,215,165,160,95,70,30,23320,105750,20985,14515,22130,21990,12855,13270,105750,26125,105300,114105,274335,493735,3135,1125,985,425,240,370,200,150,6635,500,380,335,300,210,195,190,175,160,140,115,115,100,100,95,90,65,40,20,20,20,15,3255,13270
City,Downtown Winnipeg,5,11115,1705,12820,630,205,110,105,35,20,90,290,15,2200,15,200,30,50,95,50,50,60,30,10,0,20,10,0,20,0,0,0,10,10,0,1540,3725,390,240,490,810,730,1065,3720,1795,3930,2200,5545,11680,145,20,65,0,0,10,10,20,795,20,10,10,40,60,0,90,20,60,0,0,0,55,0,10,0,10,0,0,0,10,15,385,1060
City,Inner City,3,112100,7570,119670,7710,1415,1365,850,410,1450,815,875,665,10960,385,1585,265,410,210,390,275,240,140,105,160,150,55,80,75,65,10,25,30,10,0,6295,26525,3690,2355,4695,6715,4530,4540,26525,9070,26195,18840,52690,97720,1225,150,315,100,70,65,60,30,2510,115,70,125,155,105,15,125,60,80,30,85,30,55,10,45,15,10,0,0,0,10,15,1355,4540
City,Non-Inner City,4,473920,16865,490780,12320,8635,5700,4545,4475,3400,3320,2600,2720,31495,2995,1705,1560,1125,1285,750,800,775,710,405,335,340,420,345,340,145,155,130,65,60,25,17025,79220,17295,12160,17435,15280,8325,8725,79220,17050,79105,95255,221650,396015,1905,985,670,330,165,305,145,120,4095,385,310,215,145,100,180,65,110,80,105,30,85,45,85,50,70,55,35,20,25,10,0,1890,8725
City,Winnipeg Census Metropolitan Area,2,636705,25025,661730,20105,10665,7465,5985,4915,4940,4390,3470,3510,43950,3490,3290,2120,1550,1495,1190,1075,1075,860,565,500,520,530,480,425,215,165,200,95,75,45,23990,109390,22465,15295,22680,22540,12985,13415,109390,26400,109020,122510,301820,533360,3150,1125,990,425,240,395,205,150,6720,495,405,335,300,210,205,185,175,160,140,115,115,100,95,95,90,60,40,20,20,15,15,3330,13415
